,Position,Track Name,Artist,Streams,URL,danceability,energy,key,loudness,mode,speechiness,acousticness,instrumentalness,liveness,valence,tempo,type,id,uri,track_href,analysis_url,duration_ms,time_signature,id_country
0,1,INDUSTRY BABY (feat. Jack Harlow),Lil Nas X,1404724,https://open.spotify.com/track/5Z9KJZvQzH6PFmb8SNkxuk,0.741,0.691,10,-7.395,0,0.0672,0.0221,0.0,0.0476,0.892,150.087,audio_features,5Z9KJZvQzH6PFmb8SNkxuk,spotify:track:5Z9KJZvQzH6PFmb8SNkxuk,https://api.spotify.com/v1/tracks/5Z9KJZvQzH6PFmb8SNkxuk,https://api.spotify.com/v1/audio-analysis/5Z9KJZvQzH6PFmb8SNkxuk,212353,4,USA
1,2,STAY (with Justin Bieber),The Kid LAROI,1191933,https://open.spotify.com/track/5PjdY0CKGZdEuoNab3yDmX,0.591,0.764,1,-5.484,1,0.0483,0.0383,0.0,0.103,0.478,169.928,audio_features,5PjdY0CKGZdEuoNab3yDmX,spotify:track:5PjdY0CKGZdEuoNab3yDmX,https://api.spotify.com/v1/tracks/5PjdY0CKGZdEuoNab3yDmX,https://api.spotify.com/v1/audio-analysis/5PjdY0CKGZdEuoNab3yDmX,141806,4,USA
2,3,Knife Talk (with 21 Savage ft. Project Pat),Drake,1153413,https://open.spotify.com/track/2BcMwX1MPV6ZHP4tUT9uq6,0.849,0.424,5,-9.579,0,0.324,0.0635,0.0,0.0834,0.153,145.887,audio_features,2BcMwX1MPV6ZHP4tUT9uq6,spotify:track:2BcMwX1MPV6ZHP4tUT9uq6,https://api.spotify.com/v1/tracks/2BcMwX1MPV6ZHP4tUT9uq6,https://api.spotify.com/v1/audio-analysis/2BcMwX1MPV6ZHP4tUT9uq6,242966,4,USA
3,4,Way 2 Sexy (with Future & Young Thug),Drake,1101014,https://open.spotify.com/track/0k1WUmIRnG3xU6fvvDVfRG,0.803,0.597,11,-6.035,0,0.141,0.000619,4.5e-06,0.323,0.331,136.008,audio_features,0k1WUmIRnG3xU6fvvDVfRG,spotify:track:0k1WUmIRnG3xU6fvvDVfRG,https://api.spotify.com/v1/tracks/0k1WUmIRnG3xU6fvvDVfRG,https://api.spotify.com/v1/audio-analysis/0k1WUmIRnG3xU6fvvDVfRG,257605,4,USA
4,5,Heat Waves,Glass Animals,997719,https://open.spotify.com/track/02MWAaffLxlfxAUY7c5dvx,0.761,0.525,11,-6.9,1,0.0944,0.44,6.7e-06,0.0921,0.531,80.87,audio_features,02MWAaffLxlfxAUY7c5dvx,spotify:track:02MWAaffLxlfxAUY7c5dvx,https://api.spotify.com/v1/tracks/02MWAaffLxlfxAUY7c5dvx,https://api.spotify.com/v1/audio-analysis/02MWAaffLxlfxAUY7c5dvx,238805,4,USA
5,6,Need To Know,Doja Cat,803975,https://open.spotify.com/track/3Vi5XqYrmQgOYBajMWSvCi,0.664,0.609,1,-6.509,1,0.0707,0.304,0.0,0.0926,0.194,130.041,audio_features,3Vi5XqYrmQgOYBajMWSvCi,spotify:track:3Vi5XqYrmQgOYBajMWSvCi,https://api.spotify.com/v1/tracks/3Vi5XqYrmQgOYBajMWSvCi,https://api.spotify.com/v1/audio-analysis/3Vi5XqYrmQgOYBajMWSvCi,210560,4,USA
6,7,good 4 u,Olivia Rodrigo,784995,https://open.spotify.com/track/4ZtFanR9U6ndgddUvNcjcG,0.563,0.664,9,-5.044,1,0.154,0.335,0.0,0.0849,0.688,166.928,audio_features,4ZtFanR9U6ndgddUvNcjcG,spotify:track:4ZtFanR9U6ndgddUvNcjcG,https://api.spotify.com/v1/tracks/4ZtFanR9U6ndgddUvNcjcG,https://api.spotify.com/v1/audio-analysis/4ZtFanR9U6ndgddUvNcjcG,178147,4,USA
7,8,Fair Trade (with Travis Scott),Drake,739385,https://open.spotify.com/track/40iJIUlhi6renaREYGeIDS,0.666,0.465,1,-8.545,1,0.26,0.0503,0.0,0.215,0.292,167.937,audio_features,40iJIUlhi6renaREYGeIDS,spotify:track:40iJIUlhi6renaREYGeIDS,https://api.spotify.com/v1/tracks/40iJIUlhi6renaREYGeIDS,https://api.spotify.com/v1/audio-analysis/40iJIUlhi6renaREYGeIDS,291175,4,USA
8,9,family ties (with Kendrick Lamar),Baby Keem,727731,https://open.spotify.com/track/3QFInJAm9eyaho5vBzxInN,0.711,0.611,1,-5.453,1,0.33,0.00588,0.0,0.23,0.144,134.093,audio_features,3QFInJAm9eyaho5vBzxInN,spotify:track:3QFInJAm9eyaho5vBzxInN,https://api.spotify.com/v1/tracks/3QFInJAm9eyaho5vBzxInN,https://api.spotify.com/v1/audio-analysis/3QFInJAm9eyaho5vBzxInN,252262,4,USA
9,10,THATS WHAT I WANT,Lil Nas X,716299,https://open.spotify.com/track/0e8nrvls4Qqv5Rfa2UhqmO,0.737,0.846,1,-4.51,0,0.22,0.00614,0.0,0.0486,0.546,87.981,audio_features,0e8nrvls4Qqv5Rfa2UhqmO,spotify:track:0e8nrvls4Qqv5Rfa2UhqmO,https://api.spotify.com/v1/tracks/0e8nrvls4Qqv5Rfa2UhqmO,https://api.spotify.com/v1/audio-analysis/0e8nrvls4Qqv5Rfa2UhqmO,143901,4,USA
10,11,Meet Me At Our Spot,THE ANXIETY,703658,https://open.spotify.com/track/07MDkzWARZaLEdKxo6yArG,0.773,0.47,2,-7.93,1,0.0299,0.0153,0.000193,0.0851,0.399,94.995,audio_features,07MDkzWARZaLEdKxo6yArG,spotify:track:07MDkzWARZaLEdKxo6yArG,https://api.spotify.com/v1/tracks/07MDkzWARZaLEdKxo6yArG,https://api.spotify.com/v1/audio-analysis/07MDkzWARZaLEdKxo6yArG,162680,4,USA
11,12,Kiss Me More (feat. SZA),Doja Cat,701960,https://open.spotify.com/track/3DarAbFujv6eYNliUTyqtz,0.764,0.705,8,-3.463,1,0.0284,0.259,8.92e-05,0.12,0.781,110.97,audio_features,3DarAbFujv6eYNliUTyqtz,spotify:track:3DarAbFujv6eYNliUTyqtz,https://api.spotify.com/v1/tracks/3DarAbFujv6eYNliUTyqtz,https://api.spotify.com/v1/audio-analysis/3DarAbFujv6eYNliUTyqtz,208667,4,USA
12,13,MONTERO (Call Me By Your Name),Lil Nas X,669454,https://open.spotify.com/track/1SC5rEoYDGUK4NfG82494W,0.593,0.503,8,-6.725,0,0.22,0.293,0.0,0.405,0.71,178.781,audio_features,1SC5rEoYDGUK4NfG82494W,spotify:track:1SC5rEoYDGUK4NfG82494W,https://api.spotify.com/v1/tracks/1SC5rEoYDGUK4NfG82494W,https://api.spotify.com/v1/audio-analysis/1SC5rEoYDGUK4NfG82494W,137704,4,USA
13,14,Woman,Doja Cat,639556,https://open.spotify.com/track/6Uj1ctrBOjOas8xZXGqKk4,0.824,0.764,5,-4.175,0,0.0854,0.0888,0.00294,0.117,0.881,107.998,audio_features,6Uj1ctrBOjOas8xZXGqKk4,spotify:track:6Uj1ctrBOjOas8xZXGqKk4,https://api.spotify.com/v1/tracks/6Uj1ctrBOjOas8xZXGqKk4,https://api.spotify.com/v1/audio-analysis/6Uj1ctrBOjOas8xZXGqKk4,172627,4,USA
14,15,Happier Than Ever,Billie Eilish,614264,https://open.spotify.com/track/4RVwu0g32PAqgUiJoXsdF8,0.332,0.225,0,-8.697,1,0.0348,0.767,0.00349,0.128,0.297,81.055,audio_features,4RVwu0g32PAqgUiJoXsdF8,spotify:track:4RVwu0g32PAqgUiJoXsdF8,https://api.spotify.com/v1/tracks/4RVwu0g32PAqgUiJoXsdF8,https://api.spotify.com/v1/audio-analysis/4RVwu0g32PAqgUiJoXsdF8,298899,3,USA
15,16,2055,Sleepy Hallow,587116,https://open.spotify.com/track/4XvcHTUfIlWfyJTRG0aqlo,0.829,0.512,6,-5.865,0,0.187,0.492,0.0,0.12,0.638,80.511,audio_features,4XvcHTUfIlWfyJTRG0aqlo,spotify:track:4XvcHTUfIlWfyJTRG0aqlo,https://api.spotify.com/v1/tracks/4XvcHTUfIlWfyJTRG0aqlo,https://api.spotify.com/v1/audio-analysis/4XvcHTUfIlWfyJTRG0aqlo,123987,4,USA
16,17,Bad Habits,Ed Sheeran,570890,https://open.spotify.com/track/6PQ88X9TkUIAUIZJHW2upE,0.808,0.897,11,-3.712,0,0.0348,0.0469,3.14e-05,0.364,0.591,126.026,audio_features,6PQ88X9TkUIAUIZJHW2upE,spotify:track:6PQ88X9TkUIAUIZJHW2upE,https://api.spotify.com/v1/tracks/6PQ88X9TkUIAUIZJHW2upE,https://api.spotify.com/v1/audio-analysis/6PQ88X9TkUIAUIZJHW2upE,231041,4,USA
17,18,Girls Want Girls (with Lil Baby),Drake,570655,https://open.spotify.com/track/37Nqx7iavZpotJSDXZWbJ3,0.767,0.438,7,-8.726,0,0.29,0.181,0.0,0.142,0.381,86.975,audio_features,37Nqx7iavZpotJSDXZWbJ3,spotify:track:37Nqx7iavZpotJSDXZWbJ3,https://api.spotify.com/v1/tracks/37Nqx7iavZpotJSDXZWbJ3,https://api.spotify.com/v1/audio-analysis/37Nqx7iavZpotJSDXZWbJ3,221980,4,USA
18,19,Shivers,Ed Sheeran,566817,https://open.spotify.com/track/75MNhvTCCKsST3YqqUiU9r,0.788,0.859,2,-2.724,1,0.0856,0.281,0.0,0.0424,0.822,141.02,audio_features,75MNhvTCCKsST3YqqUiU9r,spotify:track:75MNhvTCCKsST3YqqUiU9r,https://api.spotify.com/v1/tracks/75MNhvTCCKsST3YqqUiU9r,https://api.spotify.com/v1/audio-analysis/75MNhvTCCKsST3YqqUiU9r,207853,4,USA
19,20,traitor,Olivia Rodrigo,554829,https://open.spotify.com/track/5CZ40GBx1sQ9agT82CLQCT,0.38,0.339,3,-7.885,1,0.0338,0.691,0.0,0.12,0.0849,100.607,audio_features,5CZ40GBx1sQ9agT82CLQCT,spotify:track:5CZ40GBx1sQ9agT82CLQCT,https://api.spotify.com/v1/tracks/5CZ40GBx1sQ9agT82CLQCT,https://api.spotify.com/v1/audio-analysis/5CZ40GBx1sQ9agT82CLQCT,229227,4,USA
20,21,Dark Red,Steve Lacy,517102,https://open.spotify.com/track/37y7iDayfwm3WXn5BiAoRk,0.603,0.783,6,-4.023,1,0.062,0.449,7.96e-06,0.119,0.775,172.041,audio_features,37y7iDayfwm3WXn5BiAoRk,spotify:track:37y7iDayfwm3WXn5BiAoRk,https://api.spotify.com/v1/tracks/37y7iDayfwm3WXn5BiAoRk,https://api.spotify.com/v1/audio-analysis/37y7iDayfwm3WXn5BiAoRk,173104,4,USA
21,22,Pepas,Farruko,496867,https://open.spotify.com/track/2B4GHvToeLTOBB4QLzW3Ni,0.762,0.766,7,-3.955,1,0.0343,0.00776,6.98e-05,0.128,0.442,130.001,audio_features,2B4GHvToeLTOBB4QLzW3Ni,spotify:track:2B4GHvToeLTOBB4QLzW3Ni,https://api.spotify.com/v1/tracks/2B4GHvToeLTOBB4QLzW3Ni,https://api.spotify.com/v1/audio-analysis/2B4GHvToeLTOBB4QLzW3Ni,287120,4,USA
22,23,Jugaste y Sufrí,Eslabon Armado,494652,https://open.spotify.com/track/3NqBxTOMCJ3zW9CIP51td4,0.39,0.499,7,-7.778,1,0.0381,0.632,0.000497,0.115,0.34,200.156,audio_features,3NqBxTOMCJ3zW9CIP51td4,spotify:track:3NqBxTOMCJ3zW9CIP51td4,https://api.spotify.com/v1/tracks/3NqBxTOMCJ3zW9CIP51td4,https://api.spotify.com/v1/audio-analysis/3NqBxTOMCJ3zW9CIP51td4,275194,1,USA
23,24,Beggin',Måneskin,493792,https://open.spotify.com/track/3Wrjm47oTz2sjIgck11l5e,0.714,0.8,11,-4.808,0,0.0504,0.127,0.0,0.359,0.589,134.002,audio_features,3Wrjm47oTz2sjIgck11l5e,spotify:track:3Wrjm47oTz2sjIgck11l5e,https://api.spotify.com/v1/tracks/3Wrjm47oTz2sjIgck11l5e,https://api.spotify.com/v1/audio-analysis/3Wrjm47oTz2sjIgck11l5e,211560,4,USA
24,25,Levitating (feat. DaBaby),Dua Lipa,490969,https://open.spotify.com/track/5nujrmhLynf4yMoMtj8AQF,0.702,0.825,6,-3.787,0,0.0601,0.00883,0.0,0.0674,0.915,102.977,audio_features,5nujrmhLynf4yMoMtj8AQF,spotify:track:5nujrmhLynf4yMoMtj8AQF,https://api.spotify.com/v1/tracks/5nujrmhLynf4yMoMtj8AQF,https://api.spotify.com/v1/audio-analysis/5nujrmhLynf4yMoMtj8AQF,203064,4,USA
25,26,Sharing Locations (feat. Lil Baby & Lil Durk),Meek Mill,488328,https://open.spotify.com/track/3T9BKc4kB7ukeNQrCqv6ZV,0.681,0.63,1,-5.585,1,0.0385,0.00383,0.0,0.139,0.183,151.951,audio_features,3T9BKc4kB7ukeNQrCqv6ZV,spotify:track:3T9BKc4kB7ukeNQrCqv6ZV,https://api.spotify.com/v1/tracks/3T9BKc4kB7ukeNQrCqv6ZV,https://api.spotify.com/v1/audio-analysis/3T9BKc4kB7ukeNQrCqv6ZV,161053,4,USA
26,27,Hurricane,Kanye West,482040,https://open.spotify.com/track/6Hfu9sc7jvv6coyy2LlzBF,0.587,0.561,0,-6.569,1,0.146,0.0466,0.0,0.109,0.351,80.009,audio_features,6Hfu9sc7jvv6coyy2LlzBF,spotify:track:6Hfu9sc7jvv6coyy2LlzBF,https://api.spotify.com/v1/tracks/6Hfu9sc7jvv6coyy2LlzBF,https://api.spotify.com/v1/audio-analysis/6Hfu9sc7jvv6coyy2LlzBF,243187,4,USA
27,28,Get Into It (Yuh),Doja Cat,480155,https://open.spotify.com/track/0W6I02J9xcqK8MtSeosEXb,0.912,0.655,8,-6.029,0,0.162,0.315,3.39e-05,0.0894,0.793,91.942,audio_features,0W6I02J9xcqK8MtSeosEXb,spotify:track:0W6I02J9xcqK8MtSeosEXb,https://api.spotify.com/v1/tracks/0W6I02J9xcqK8MtSeosEXb,https://api.spotify.com/v1/audio-analysis/0W6I02J9xcqK8MtSeosEXb,138293,4,USA
28,29,Fancy Like,Walker Hayes,474009,https://open.spotify.com/track/0lnpnsrVaW9elGgRxpDCgE,0.649,0.76,1,-6.487,1,0.0574,0.114,0.0,0.317,0.843,80.018,audio_features,0lnpnsrVaW9elGgRxpDCgE,spotify:track:0lnpnsrVaW9elGgRxpDCgE,https://api.spotify.com/v1/tracks/0lnpnsrVaW9elGgRxpDCgE,https://api.spotify.com/v1/audio-analysis/0lnpnsrVaW9elGgRxpDCgE,161853,4,USA
29,30,Life Goes On,Oliver Tree,463614,https://open.spotify.com/track/0eu4C55hL6x29mmeAjytzC,0.7,0.49,0,-5.187,1,0.076,0.186,0.0,0.117,0.569,79.982,audio_features,0eu4C55hL6x29mmeAjytzC,spotify:track:0eu4C55hL6x29mmeAjytzC,https://api.spotify.com/v1/tracks/0eu4C55hL6x29mmeAjytzC,https://api.spotify.com/v1/audio-analysis/0eu4C55hL6x29mmeAjytzC,161803,4,USA
30,31,My Universe,Coldplay,458293,https://open.spotify.com/track/3FeVmId7tL5YN8B7R3imoM,0.588,0.701,9,-6.39,1,0.0402,0.00813,0.0,0.2,0.443,104.988,audio_features,3FeVmId7tL5YN8B7R3imoM,spotify:track:3FeVmId7tL5YN8B7R3imoM,https://api.spotify.com/v1/tracks/3FeVmId7tL5YN8B7R3imoM,https://api.spotify.com/v1/audio-analysis/3FeVmId7tL5YN8B7R3imoM,228000,4,USA
31,32,Sweater Weather,The Neighbourhood,458251,https://open.spotify.com/track/2QjOHCTQ1Jl3zawyYOpxh6,0.612,0.807,10,-2.81,1,0.0336,0.0495,0.0177,0.101,0.398,124.053,audio_features,2QjOHCTQ1Jl3zawyYOpxh6,spotify:track:2QjOHCTQ1Jl3zawyYOpxh6,https://api.spotify.com/v1/tracks/2QjOHCTQ1Jl3zawyYOpxh6,https://api.spotify.com/v1/audio-analysis/2QjOHCTQ1Jl3zawyYOpxh6,240400,4,USA
32,33,love nwantiti (ah ah ah),CKay,449002,https://open.spotify.com/track/2Xr1dTzJee307rmrkt8c0g,0.727,0.739,8,-3.805,1,0.0411,0.365,0.00137,0.161,0.533,93.005,audio_features,2Xr1dTzJee307rmrkt8c0g,spotify:track:2Xr1dTzJee307rmrkt8c0g,https://api.spotify.com/v1/tracks/2Xr1dTzJee307rmrkt8c0g,https://api.spotify.com/v1/audio-analysis/2Xr1dTzJee307rmrkt8c0g,145800,4,USA
33,34,Working for the Knife,Mitski,447850,https://open.spotify.com/track/46OaeacE8RjnE49MB5B2Lt,0.466,0.626,11,-8.126,1,0.0272,0.166,5.59e-05,0.103,0.318,83.01,audio_features,46OaeacE8RjnE49MB5B2Lt,spotify:track:46OaeacE8RjnE49MB5B2Lt,https://api.spotify.com/v1/tracks/46OaeacE8RjnE49MB5B2Lt,https://api.spotify.com/v1/audio-analysis/46OaeacE8RjnE49MB5B2Lt,158618,4,USA
34,35,RAPSTAR,Polo G,444296,https://open.spotify.com/track/18vXApRmJSgQ6wG2ll9AOg,0.789,0.536,6,-6.862,1,0.242,0.41,0.0,0.129,0.437,81.039,audio_features,18vXApRmJSgQ6wG2ll9AOg,spotify:track:18vXApRmJSgQ6wG2ll9AOg,https://api.spotify.com/v1/tracks/18vXApRmJSgQ6wG2ll9AOg,https://api.spotify.com/v1/audio-analysis/18vXApRmJSgQ6wG2ll9AOg,165926,4,USA
35,36,"...And to Those I Love, Thanks for Sticking Around",$uicideboy$,441747,https://open.spotify.com/track/30QR0ndUdiiMQMA9g1PGCm,0.792,0.511,2,-6.876,1,0.0409,0.124,9.04e-05,0.14,0.111,113.983,audio_features,30QR0ndUdiiMQMA9g1PGCm,spotify:track:30QR0ndUdiiMQMA9g1PGCm,https://api.spotify.com/v1/tracks/30QR0ndUdiiMQMA9g1PGCm,https://api.spotify.com/v1/audio-analysis/30QR0ndUdiiMQMA9g1PGCm,168490,4,USA
36,37,"Last One Standing (feat. Polo G, Mozzy & Eminem)",Skylar Grey,441001,https://open.spotify.com/track/5W8HXMOMLtXLz0RGKUtnlZ,0.664,0.692,1,-4.128,0,0.127,0.237,0.0,0.0798,0.233,154.924,audio_features,5W8HXMOMLtXLz0RGKUtnlZ,spotify:track:5W8HXMOMLtXLz0RGKUtnlZ,https://api.spotify.com/v1/tracks/5W8HXMOMLtXLz0RGKUtnlZ,https://api.spotify.com/v1/audio-analysis/5W8HXMOMLtXLz0RGKUtnlZ,257369,4,USA
37,38,Ain't Shit,Doja Cat,413176,https://open.spotify.com/track/5lAnYvAIkSDNXqfo7DyFUm,0.855,0.488,3,-4.601,1,0.208,0.506,0.0,0.347,0.619,124.097,audio_features,5lAnYvAIkSDNXqfo7DyFUm,spotify:track:5lAnYvAIkSDNXqfo7DyFUm,https://api.spotify.com/v1/tracks/5lAnYvAIkSDNXqfo7DyFUm,https://api.spotify.com/v1/audio-analysis/5lAnYvAIkSDNXqfo7DyFUm,174253,4,USA
38,39,deja vu,Olivia Rodrigo,408772,https://open.spotify.com/track/6HU7h9RYOaPRFeh0R3UeAr,0.442,0.612,2,-7.222,1,0.112,0.584,5.7e-06,0.37,0.178,180.917,audio_features,6HU7h9RYOaPRFeh0R3UeAr,spotify:track:6HU7h9RYOaPRFeh0R3UeAr,https://api.spotify.com/v1/tracks/6HU7h9RYOaPRFeh0R3UeAr,https://api.spotify.com/v1/audio-analysis/6HU7h9RYOaPRFeh0R3UeAr,215507,4,USA
39,40,Wants and Needs (feat. Lil Baby),Drake,408440,https://open.spotify.com/track/65OVbaJR5O1RmwOQx0875b,0.578,0.449,1,-6.349,1,0.286,0.0618,2.17e-06,0.119,0.1,136.006,audio_features,65OVbaJR5O1RmwOQx0875b,spotify:track:65OVbaJR5O1RmwOQx0875b,https://api.spotify.com/v1/tracks/65OVbaJR5O1RmwOQx0875b,https://api.spotify.com/v1/audio-analysis/65OVbaJR5O1RmwOQx0875b,192956,4,USA
40,41,Your Heart,Joyner Lucas,404774,https://open.spotify.com/track/2DTpP3caqX3QdJIEoS83mD,0.861,0.637,6,-7.701,0,0.133,0.392,0.0,0.0929,0.754,87.006,audio_features,2DTpP3caqX3QdJIEoS83mD,spotify:track:2DTpP3caqX3QdJIEoS83mD,https://api.spotify.com/v1/tracks/2DTpP3caqX3QdJIEoS83mD,https://api.spotify.com/v1/audio-analysis/2DTpP3caqX3QdJIEoS83mD,198621,4,USA
41,42,Freaks,Surf Curse,402147,https://open.spotify.com/track/7EkWXAI1wn8Ii883ecd9xr,0.345,0.941,9,-9.918,1,0.0466,3.84e-05,0.633,0.0511,0.407,179.626,audio_features,7EkWXAI1wn8Ii883ecd9xr,spotify:track:7EkWXAI1wn8Ii883ecd9xr,https://api.spotify.com/v1/tracks/7EkWXAI1wn8Ii883ecd9xr,https://api.spotify.com/v1/audio-analysis/7EkWXAI1wn8Ii883ecd9xr,147062,4,USA
42,43,No Role Modelz,J. Cole,390219,https://open.spotify.com/track/62vpWI1CHwFy7tMIcSStl8,0.692,0.521,10,-8.465,0,0.33,0.301,0.0,0.0565,0.463,100.45,audio_features,62vpWI1CHwFy7tMIcSStl8,spotify:track:62vpWI1CHwFy7tMIcSStl8,https://api.spotify.com/v1/tracks/62vpWI1CHwFy7tMIcSStl8,https://api.spotify.com/v1/audio-analysis/62vpWI1CHwFy7tMIcSStl8,292987,4,USA
43,44,Champagne Poetry,Drake,385574,https://open.spotify.com/track/2HSmyk2qMN8WQjuGhaQgCk,0.423,0.667,6,-7.012,0,0.326,0.758,0.0,0.246,0.496,86.743,audio_features,2HSmyk2qMN8WQjuGhaQgCk,spotify:track:2HSmyk2qMN8WQjuGhaQgCk,https://api.spotify.com/v1/tracks/2HSmyk2qMN8WQjuGhaQgCk,https://api.spotify.com/v1/audio-analysis/2HSmyk2qMN8WQjuGhaQgCk,336511,4,USA
44,45,Moon,Kanye West,383878,https://open.spotify.com/track/7CC6UbCs4iGsePSzFxYxNn,0.319,0.236,5,-9.644,1,0.0318,0.898,1.62e-05,0.272,0.254,162.351,audio_features,7CC6UbCs4iGsePSzFxYxNn,spotify:track:7CC6UbCs4iGsePSzFxYxNn,https://api.spotify.com/v1/tracks/7CC6UbCs4iGsePSzFxYxNn,https://api.spotify.com/v1/audio-analysis/7CC6UbCs4iGsePSzFxYxNn,156091,4,USA
45,46,Cold Heart - PNAU Remix,Elton John,380512,https://open.spotify.com/track/6zSpb8dQRaw0M1dK8PBwQz,0.796,0.798,1,-6.312,1,0.0317,0.034,4.19e-05,0.0952,0.942,116.032,audio_features,6zSpb8dQRaw0M1dK8PBwQz,spotify:track:6zSpb8dQRaw0M1dK8PBwQz,https://api.spotify.com/v1/tracks/6zSpb8dQRaw0M1dK8PBwQz,https://api.spotify.com/v1/audio-analysis/6zSpb8dQRaw0M1dK8PBwQz,202735,4,USA
46,47,Too Easy,Gunna,379332,https://open.spotify.com/track/4eL3XeuGaEoVT8ttDh3hwY,0.798,0.574,1,-6.548,1,0.157,0.024,0.0,0.122,0.309,155.964,audio_features,4eL3XeuGaEoVT8ttDh3hwY,spotify:track:4eL3XeuGaEoVT8ttDh3hwY,https://api.spotify.com/v1/tracks/4eL3XeuGaEoVT8ttDh3hwY,https://api.spotify.com/v1/audio-analysis/4eL3XeuGaEoVT8ttDh3hwY,138587,4,USA
47,48,drivers license,Olivia Rodrigo,364439,https://open.spotify.com/track/5wANPM4fQCJwkGd4rN57mH,0.561,0.431,10,-8.81,1,0.0578,0.768,1.42e-05,0.106,0.137,143.875,audio_features,5wANPM4fQCJwkGd4rN57mH,spotify:track:5wANPM4fQCJwkGd4rN57mH,https://api.spotify.com/v1/tracks/5wANPM4fQCJwkGd4rN57mH,https://api.spotify.com/v1/audio-analysis/5wANPM4fQCJwkGd4rN57mH,242013,4,USA
48,49,No Friends In The Industry,Drake,357680,https://open.spotify.com/track/2tUL6dZf1mywCj5WvCPZw6,0.84,0.744,1,-4.751,1,0.113,0.0181,0.0,0.629,0.171,83.737,audio_features,2tUL6dZf1mywCj5WvCPZw6,spotify:track:2tUL6dZf1mywCj5WvCPZw6,https://api.spotify.com/v1/tracks/2tUL6dZf1mywCj5WvCPZw6,https://api.spotify.com/v1/audio-analysis/2tUL6dZf1mywCj5WvCPZw6,204347,4,USA
49,50,Blinding Lights,The Weeknd,348985,https://open.spotify.com/track/0VjIjW4GlUZAMYd2vXMi3b,0.514,0.73,1,-5.934,1,0.0598,0.00146,9.54e-05,0.0897,0.334,171.005,audio_features,0VjIjW4GlUZAMYd2vXMi3b,spotify:track:0VjIjW4GlUZAMYd2vXMi3b,https://api.spotify.com/v1/tracks/0VjIjW4GlUZAMYd2vXMi3b,https://api.spotify.com/v1/audio-analysis/0VjIjW4GlUZAMYd2vXMi3b,200040,4,USA
50,51,Have Mercy,Chlöe,347835,https://open.spotify.com/track/5SixeLvPsYpk7qq9lo5xYg,0.903,0.535,9,-6.434,1,0.0742,0.297,0.0,0.345,0.508,130.022,audio_features,5SixeLvPsYpk7qq9lo5xYg,spotify:track:5SixeLvPsYpk7qq9lo5xYg,https://api.spotify.com/v1/tracks/5SixeLvPsYpk7qq9lo5xYg,https://api.spotify.com/v1/audio-analysis/5SixeLvPsYpk7qq9lo5xYg,148779,4,USA
51,52,Peaches (feat. Daniel Caesar & Giveon),Justin Bieber,345142,https://open.spotify.com/track/4iJyoBOLtHqaGxP12qzhQI,0.677,0.696,0,-6.181,1,0.119,0.321,0.0,0.42,0.464,90.03,audio_features,4iJyoBOLtHqaGxP12qzhQI,spotify:track:4iJyoBOLtHqaGxP12qzhQI,https://api.spotify.com/v1/tracks/4iJyoBOLtHqaGxP12qzhQI,https://api.spotify.com/v1/audio-analysis/4iJyoBOLtHqaGxP12qzhQI,198082,4,USA
52,53,Wildest Dreams (Taylor's Version),Taylor Swift,338730,https://open.spotify.com/track/1Ov37jtRQ2YNAe8HzfczkL,0.583,0.67,8,-7.289,1,0.0646,0.0374,0.0001,0.126,0.498,140.061,audio_features,1Ov37jtRQ2YNAe8HzfczkL,spotify:track:1Ov37jtRQ2YNAe8HzfczkL,https://api.spotify.com/v1/tracks/1Ov37jtRQ2YNAe8HzfczkL,https://api.spotify.com/v1/audio-analysis/1Ov37jtRQ2YNAe8HzfczkL,220433,4,USA
53,54,A-O-K,Tai Verdes,338079,https://open.spotify.com/track/1sx0XsWUusUoPstbvokZjP,0.731,0.626,11,-6.919,1,0.0805,0.125,0.0,0.183,0.862,82.488,audio_features,1sx0XsWUusUoPstbvokZjP,spotify:track:1sx0XsWUusUoPstbvokZjP,https://api.spotify.com/v1/tracks/1sx0XsWUusUoPstbvokZjP,https://api.spotify.com/v1/audio-analysis/1sx0XsWUusUoPstbvokZjP,173640,4,USA
54,55,Save Your Tears (with Ariana Grande) (Remix),The Weeknd,335283,https://open.spotify.com/track/37BZB0z9T8Xu7U3e65qxFy,0.65,0.825,0,-4.645,1,0.0325,0.0215,2.44e-05,0.0936,0.593,118.091,audio_features,37BZB0z9T8Xu7U3e65qxFy,spotify:track:37BZB0z9T8Xu7U3e65qxFy,https://api.spotify.com/v1/tracks/37BZB0z9T8Xu7U3e65qxFy,https://api.spotify.com/v1/audio-analysis/37BZB0z9T8Xu7U3e65qxFy,191014,4,USA
55,56,You Right,Doja Cat,325116,https://open.spotify.com/track/0k4d5YPDr1r7FX77VdqWez,0.828,0.621,8,-6.414,1,0.0565,0.0164,0.00233,0.0845,0.436,128.986,audio_features,0k4d5YPDr1r7FX77VdqWez,spotify:track:0k4d5YPDr1r7FX77VdqWez,https://api.spotify.com/v1/tracks/0k4d5YPDr1r7FX77VdqWez,https://api.spotify.com/v1/audio-analysis/0k4d5YPDr1r7FX77VdqWez,186173,4,USA
56,57,Miss The Rage (feat. Playboi Carti),Trippie Redd,324567,https://open.spotify.com/track/5gZYpjakt37G3c58FKcQwJ,0.581,0.877,8,-4.938,1,0.114,0.0151,0.0,0.826,0.353,77.006,audio_features,5gZYpjakt37G3c58FKcQwJ,spotify:track:5gZYpjakt37G3c58FKcQwJ,https://api.spotify.com/v1/tracks/5gZYpjakt37G3c58FKcQwJ,https://api.spotify.com/v1/audio-analysis/5gZYpjakt37G3c58FKcQwJ,236883,4,USA
57,58,favorite crime,Olivia Rodrigo,316980,https://open.spotify.com/track/5JCoSi02qi3jJeHdZXMmR8,0.369,0.272,9,-10.497,1,0.0364,0.866,0.0,0.147,0.218,172.929,audio_features,5JCoSi02qi3jJeHdZXMmR8,spotify:track:5JCoSi02qi3jJeHdZXMmR8,https://api.spotify.com/v1/tracks/5JCoSi02qi3jJeHdZXMmR8,https://api.spotify.com/v1/audio-analysis/5JCoSi02qi3jJeHdZXMmR8,152667,4,USA
58,59,Off The Grid,Kanye West,313040,https://open.spotify.com/track/6LNoArVBBVZzUTUiAX2aKO,0.546,0.64,8,-5.582,1,0.37,0.0438,0.0,0.137,0.63,137.728,audio_features,6LNoArVBBVZzUTUiAX2aKO,spotify:track:6LNoArVBBVZzUTUiAX2aKO,https://api.spotify.com/v1/tracks/6LNoArVBBVZzUTUiAX2aKO,https://api.spotify.com/v1/audio-analysis/6LNoArVBBVZzUTUiAX2aKO,339250,4,USA
59,60,YKWIM?,Yot Club,310897,https://open.spotify.com/track/2vWBUC9djv6BtiGlmKiQaH,0.372,0.537,9,-7.623,1,0.0305,0.937,0.873,0.287,0.228,123.735,audio_features,2vWBUC9djv6BtiGlmKiQaH,spotify:track:2vWBUC9djv6BtiGlmKiQaH,https://api.spotify.com/v1/tracks/2vWBUC9djv6BtiGlmKiQaH,https://api.spotify.com/v1/audio-analysis/2vWBUC9djv6BtiGlmKiQaH,212750,3,USA
60,61,Lo Siento BB:/ (with Bad Bunny & Julieta Venegas),Tainy,310652,https://open.spotify.com/track/4gzsuuZypVbxs0Af1LSZyB,0.639,0.703,4,-6.33,0,0.0794,0.0889,1.78e-06,0.0865,0.138,169.888,audio_features,4gzsuuZypVbxs0Af1LSZyB,spotify:track:4gzsuuZypVbxs0Af1LSZyB,https://api.spotify.com/v1/tracks/4gzsuuZypVbxs0Af1LSZyB,https://api.spotify.com/v1/audio-analysis/4gzsuuZypVbxs0Af1LSZyB,207301,4,USA
61,62,Yonaguni,Bad Bunny,309560,https://open.spotify.com/track/2JPLbjOn0wPCngEot2STUS,0.644,0.648,1,-4.601,1,0.118,0.276,0.0,0.135,0.44,179.951,audio_features,2JPLbjOn0wPCngEot2STUS,spotify:track:2JPLbjOn0wPCngEot2STUS,https://api.spotify.com/v1/tracks/2JPLbjOn0wPCngEot2STUS,https://api.spotify.com/v1/audio-analysis/2JPLbjOn0wPCngEot2STUS,206710,4,USA
62,63,LOT OF ME,Lil Tecca,305529,https://open.spotify.com/track/2ZXxRC6V6AXzMdbLQZMHSB,0.704,0.537,0,-8.565,1,0.302,0.223,0.0,0.122,0.7,77.444,audio_features,2ZXxRC6V6AXzMdbLQZMHSB,spotify:track:2ZXxRC6V6AXzMdbLQZMHSB,https://api.spotify.com/v1/tracks/2ZXxRC6V6AXzMdbLQZMHSB,https://api.spotify.com/v1/audio-analysis/2ZXxRC6V6AXzMdbLQZMHSB,123871,4,USA
63,64,Tell Em,Cochise,304426,https://open.spotify.com/track/7nc7mlSdWYeFom84zZ8Wr8,0.672,0.717,5,-7.476,1,0.226,0.103,0.0,0.398,0.473,157.905,audio_features,7nc7mlSdWYeFom84zZ8Wr8,spotify:track:7nc7mlSdWYeFom84zZ8Wr8,https://api.spotify.com/v1/tracks/7nc7mlSdWYeFom84zZ8Wr8,https://api.spotify.com/v1/audio-analysis/7nc7mlSdWYeFom84zZ8Wr8,180380,4,USA
64,65,Take My Breath,The Weeknd,304070,https://open.spotify.com/track/6M3PsepEj5gyJoIi7Xvr7u,0.747,0.739,8,-6.008,1,0.0487,0.0106,2.22e-05,0.101,0.523,120.996,audio_features,6M3PsepEj5gyJoIi7Xvr7u,spotify:track:6M3PsepEj5gyJoIi7Xvr7u,https://api.spotify.com/v1/tracks/6M3PsepEj5gyJoIi7Xvr7u,https://api.spotify.com/v1/audio-analysis/6M3PsepEj5gyJoIi7Xvr7u,220196,4,USA
65,66,Bored,Billie Eilish,300039,https://open.spotify.com/track/04sN26COy28wTXYj3dMoiZ,0.614,0.318,7,-12.695,1,0.0478,0.896,0.00239,0.0795,0.112,119.959,audio_features,04sN26COy28wTXYj3dMoiZ,spotify:track:04sN26COy28wTXYj3dMoiZ,https://api.spotify.com/v1/tracks/04sN26COy28wTXYj3dMoiZ,https://api.spotify.com/v1/audio-analysis/04sN26COy28wTXYj3dMoiZ,180933,4,USA
66,67,Sunflower - Spider-Man: Into the Spider-Verse,Post Malone,299991,https://open.spotify.com/track/0RiRZpuVRbi7oqRdSMwhQY,0.755,0.522,2,-4.368,1,0.0575,0.533,0.0,0.0685,0.925,89.96,audio_features,0RiRZpuVRbi7oqRdSMwhQY,spotify:track:0RiRZpuVRbi7oqRdSMwhQY,https://api.spotify.com/v1/tracks/0RiRZpuVRbi7oqRdSMwhQY,https://api.spotify.com/v1/audio-analysis/0RiRZpuVRbi7oqRdSMwhQY,157560,4,USA
67,68,Heartbreak Anniversary,Giveon,299631,https://open.spotify.com/track/3FAJ6O0NOHQV8Mc5Ri6ENp,0.449,0.465,0,-8.964,1,0.0791,0.524,1.02e-06,0.303,0.543,89.087,audio_features,3FAJ6O0NOHQV8Mc5Ri6ENp,spotify:track:3FAJ6O0NOHQV8Mc5Ri6ENp,https://api.spotify.com/v1/tracks/3FAJ6O0NOHQV8Mc5Ri6ENp,https://api.spotify.com/v1/audio-analysis/3FAJ6O0NOHQV8Mc5Ri6ENp,198371,3,USA
68,69,Leave Before You Love Me (with Jonas Brothers),Marshmello,299627,https://open.spotify.com/track/4qu63nuBpdn0qHUHuObEj1,0.721,0.738,7,-4.77,1,0.0403,0.00226,4.41e-06,0.118,0.637,119.976,audio_features,4qu63nuBpdn0qHUHuObEj1,spotify:track:4qu63nuBpdn0qHUHuObEj1,https://api.spotify.com/v1/tracks/4qu63nuBpdn0qHUHuObEj1,https://api.spotify.com/v1/audio-analysis/4qu63nuBpdn0qHUHuObEj1,154983,4,USA
69,70,She Knows (feat. Amber Coffman & Cults),J. Cole,296226,https://open.spotify.com/track/0Fs9cdPDhptWEDJmiCbkEW,0.766,0.74,1,-10.363,1,0.0807,0.0193,0.0784,0.229,0.183,118.008,audio_features,0Fs9cdPDhptWEDJmiCbkEW,spotify:track:0Fs9cdPDhptWEDJmiCbkEW,https://api.spotify.com/v1/tracks/0Fs9cdPDhptWEDJmiCbkEW,https://api.spotify.com/v1/audio-analysis/0Fs9cdPDhptWEDJmiCbkEW,296520,4,USA
70,71,my ex's best friend (with blackbear),Machine Gun Kelly,295298,https://open.spotify.com/track/7kDUspsoYfLkWnZR7qwHZl,0.731,0.675,5,-5.134,0,0.0434,0.00473,0.0,0.141,0.298,124.939,audio_features,7kDUspsoYfLkWnZR7qwHZl,spotify:track:7kDUspsoYfLkWnZR7qwHZl,https://api.spotify.com/v1/tracks/7kDUspsoYfLkWnZR7qwHZl,https://api.spotify.com/v1/audio-analysis/7kDUspsoYfLkWnZR7qwHZl,139461,4,USA
71,72,Circles,Post Malone,294988,https://open.spotify.com/track/21jGcNKet2qwijlDFuPiPb,0.695,0.762,0,-3.497,1,0.0395,0.192,0.00244,0.0863,0.553,120.042,audio_features,21jGcNKet2qwijlDFuPiPb,spotify:track:21jGcNKet2qwijlDFuPiPb,https://api.spotify.com/v1/tracks/21jGcNKet2qwijlDFuPiPb,https://api.spotify.com/v1/audio-analysis/21jGcNKet2qwijlDFuPiPb,215280,4,USA
72,73,Rich MF (feat. Polo G & Lil Durk),Trippie Redd,294956,https://open.spotify.com/track/6cUHiQEECDl5m3WFGQ1GCR,0.756,0.698,6,-5.464,1,0.178,0.0849,0.0,0.221,0.66,77.497,audio_features,6cUHiQEECDl5m3WFGQ1GCR,spotify:track:6cUHiQEECDl5m3WFGQ1GCR,https://api.spotify.com/v1/tracks/6cUHiQEECDl5m3WFGQ1GCR,https://api.spotify.com/v1/audio-analysis/6cUHiQEECDl5m3WFGQ1GCR,247714,4,USA
73,74,Está Dañada,Ivan Cornejo,294955,https://open.spotify.com/track/6G2xXQRSZlEzYsUEb3uvuR,0.405,0.565,1,-9.266,0,0.0372,0.38,0.0195,0.107,0.166,159.892,audio_features,6G2xXQRSZlEzYsUEb3uvuR,spotify:track:6G2xXQRSZlEzYsUEb3uvuR,https://api.spotify.com/v1/tracks/6G2xXQRSZlEzYsUEb3uvuR,https://api.spotify.com/v1/audio-analysis/6G2xXQRSZlEzYsUEb3uvuR,214149,3,USA
74,75,fue mejor (feat. SZA),Kali Uchis,293877,https://open.spotify.com/track/1CrPPsibP3uTc3DSI5vQC5,0.769,0.384,5,-7.414,0,0.0353,0.239,0.000227,0.0762,0.23,106.002,audio_features,1CrPPsibP3uTc3DSI5vQC5,spotify:track:1CrPPsibP3uTc3DSI5vQC5,https://api.spotify.com/v1/tracks/1CrPPsibP3uTc3DSI5vQC5,https://api.spotify.com/v1/audio-analysis/1CrPPsibP3uTc3DSI5vQC5,230965,4,USA
75,76,Watermelon Sugar,Harry Styles,293152,https://open.spotify.com/track/6UelLqGlWMcVH1E5c4H7lY,0.548,0.816,0,-4.209,1,0.0465,0.122,0.0,0.335,0.557,95.39,audio_features,6UelLqGlWMcVH1E5c4H7lY,spotify:track:6UelLqGlWMcVH1E5c4H7lY,https://api.spotify.com/v1/tracks/6UelLqGlWMcVH1E5c4H7lY,https://api.spotify.com/v1/audio-analysis/6UelLqGlWMcVH1E5c4H7lY,174000,4,USA
76,77,Leave The Door Open,Bruno Mars,292790,https://open.spotify.com/track/7MAibcTli4IisCtbHKrGMh,0.586,0.616,5,-7.964,1,0.0324,0.182,0.0,0.0927,0.719,148.088,audio_features,7MAibcTli4IisCtbHKrGMh,spotify:track:7MAibcTli4IisCtbHKrGMh,https://api.spotify.com/v1/tracks/7MAibcTli4IisCtbHKrGMh,https://api.spotify.com/v1/audio-analysis/7MAibcTli4IisCtbHKrGMh,242096,4,USA
77,78,Praise God,Kanye West,291130,https://open.spotify.com/track/0WSEq9Ko4kFPt8yo3ICd6T,0.798,0.545,1,-6.466,1,0.168,0.00904,9.48e-05,0.258,0.212,118.029,audio_features,0WSEq9Ko4kFPt8yo3ICd6T,spotify:track:0WSEq9Ko4kFPt8yo3ICd6T,https://api.spotify.com/v1/tracks/0WSEq9Ko4kFPt8yo3ICd6T,https://api.spotify.com/v1/audio-analysis/0WSEq9Ko4kFPt8yo3ICd6T,226653,4,USA
78,79,Good Days,SZA,289503,https://open.spotify.com/track/3YJJjQPAbDT7mGpX3WtQ9A,0.436,0.655,1,-8.37,0,0.0583,0.499,8.1e-06,0.688,0.412,121.002,audio_features,3YJJjQPAbDT7mGpX3WtQ9A,spotify:track:3YJJjQPAbDT7mGpX3WtQ9A,https://api.spotify.com/v1/tracks/3YJJjQPAbDT7mGpX3WtQ9A,https://api.spotify.com/v1/audio-analysis/3YJJjQPAbDT7mGpX3WtQ9A,279204,4,USA
79,80,20 Min,Lil Uzi Vert,289485,https://open.spotify.com/track/0uxSUdBrJy9Un0EYoBowng,0.773,0.75,8,-4.009,0,0.117,0.109,0.0,0.174,0.783,123.426,audio_features,0uxSUdBrJy9Un0EYoBowng,spotify:track:0uxSUdBrJy9Un0EYoBowng,https://api.spotify.com/v1/tracks/0uxSUdBrJy9Un0EYoBowng,https://api.spotify.com/v1/audio-analysis/0uxSUdBrJy9Un0EYoBowng,220587,4,USA
80,81,Thot Shit,Megan Thee Stallion,287174,https://open.spotify.com/track/5zNW5ARjYhJQJz1AChP33n,0.95,0.693,9,-3.424,1,0.0898,0.0133,0.0,0.173,0.891,130.02,audio_features,5zNW5ARjYhJQJz1AChP33n,spotify:track:5zNW5ARjYhJQJz1AChP33n,https://api.spotify.com/v1/tracks/5zNW5ARjYhJQJz1AChP33n,https://api.spotify.com/v1/audio-analysis/5zNW5ARjYhJQJz1AChP33n,184635,4,USA
81,82,Martin & Gina,Polo G,286583,https://open.spotify.com/track/1VLtjHwRWOVJiE5Py7JxoQ,0.832,0.534,1,-7.813,0,0.253,0.345,0.0,0.165,0.116,93.924,audio_features,1VLtjHwRWOVJiE5Py7JxoQ,spotify:track:1VLtjHwRWOVJiE5Py7JxoQ,https://api.spotify.com/v1/tracks/1VLtjHwRWOVJiE5Py7JxoQ,https://api.spotify.com/v1/audio-analysis/1VLtjHwRWOVJiE5Py7JxoQ,132833,4,USA
82,83,Pain,PinkPantheress,284084,https://open.spotify.com/track/7CIERzyqIwLVKGp00YbHRO,0.829,0.617,1,-8.497,1,0.14,0.227,0.00306,0.0618,0.81,125.605,audio_features,7CIERzyqIwLVKGp00YbHRO,spotify:track:7CIERzyqIwLVKGp00YbHRO,https://api.spotify.com/v1/tracks/7CIERzyqIwLVKGp00YbHRO,https://api.spotify.com/v1/audio-analysis/7CIERzyqIwLVKGp00YbHRO,98544,4,USA
83,84,MONEY,LISA,283121,https://open.spotify.com/track/7hU3IHwjX150XLoTVmjD0q,0.831,0.554,1,-9.998,0,0.218,0.161,6.12e-05,0.152,0.396,140.026,audio_features,7hU3IHwjX150XLoTVmjD0q,spotify:track:7hU3IHwjX150XLoTVmjD0q,https://api.spotify.com/v1/tracks/7hU3IHwjX150XLoTVmjD0q,https://api.spotify.com/v1/audio-analysis/7hU3IHwjX150XLoTVmjD0q,168228,4,USA
84,85,telepatía,Kali Uchis,282785,https://open.spotify.com/track/6tDDoYIxWvMLTdKpjFkc1B,0.653,0.524,11,-9.016,0,0.0502,0.112,0.0,0.203,0.553,83.97,audio_features,6tDDoYIxWvMLTdKpjFkc1B,spotify:track:6tDDoYIxWvMLTdKpjFkc1B,https://api.spotify.com/v1/tracks/6tDDoYIxWvMLTdKpjFkc1B,https://api.spotify.com/v1/audio-analysis/6tDDoYIxWvMLTdKpjFkc1B,160191,4,USA
85,86,Mr. Brightside,The Killers,282599,https://open.spotify.com/track/003vvx7Niy0yvhvHt4a68B,0.352,0.911,1,-5.23,1,0.0747,0.00121,0.0,0.0995,0.236,148.033,audio_features,003vvx7Niy0yvhvHt4a68B,spotify:track:003vvx7Niy0yvhvHt4a68B,https://api.spotify.com/v1/tracks/003vvx7Niy0yvhvHt4a68B,https://api.spotify.com/v1/audio-analysis/003vvx7Niy0yvhvHt4a68B,222973,4,USA
86,87,Sky,Playboi Carti,282086,https://open.spotify.com/track/29TPjc8wxfz4XMn21O7VsZ,0.785,0.903,2,-4.184,1,0.21,0.258,0.0,0.169,0.565,139.98,audio_features,29TPjc8wxfz4XMn21O7VsZ,spotify:track:29TPjc8wxfz4XMn21O7VsZ,https://api.spotify.com/v1/tracks/29TPjc8wxfz4XMn21O7VsZ,https://api.spotify.com/v1/audio-analysis/29TPjc8wxfz4XMn21O7VsZ,193234,4,USA
87,88,Loverboy,A-Wall,281016,https://open.spotify.com/track/0qXP5fMhxGzxALOkXYUxfP,0.604,0.466,0,-10.093,1,0.0315,0.649,0.0334,0.093,0.499,120.045,audio_features,0qXP5fMhxGzxALOkXYUxfP,spotify:track:0qXP5fMhxGzxALOkXYUxfP,https://api.spotify.com/v1/tracks/0qXP5fMhxGzxALOkXYUxfP,https://api.spotify.com/v1/audio-analysis/0qXP5fMhxGzxALOkXYUxfP,224520,4,USA
88,89,All Girls Are The Same,Juice WRLD,280839,https://open.spotify.com/track/4VXIryQMWpIdGgYR4TrjT1,0.671,0.529,0,-7.226,1,0.307,0.0769,0.000335,0.0856,0.203,161.989,audio_features,4VXIryQMWpIdGgYR4TrjT1,spotify:track:4VXIryQMWpIdGgYR4TrjT1,https://api.spotify.com/v1/tracks/4VXIryQMWpIdGgYR4TrjT1,https://api.spotify.com/v1/audio-analysis/4VXIryQMWpIdGgYR4TrjT1,165820,4,USA
89,90,t r a n s p a r e n t s o u l feat. Travis Barker,WILLOW,280533,https://open.spotify.com/track/5JKnYZOhSP7rOK0jPYcCjV,0.374,0.83,11,-5.203,0,0.0584,0.00213,0.0,0.15,0.204,90.19,audio_features,5JKnYZOhSP7rOK0jPYcCjV,spotify:track:5JKnYZOhSP7rOK0jPYcCjV,https://api.spotify.com/v1/tracks/5JKnYZOhSP7rOK0jPYcCjV,https://api.spotify.com/v1/audio-analysis/5JKnYZOhSP7rOK0jPYcCjV,168398,4,USA
90,91,"jealousy, jealousy",Olivia Rodrigo,280326,https://open.spotify.com/track/0MMyJUC3WNnFS1lit5pTjk,0.695,0.575,10,-6.334,0,0.116,0.198,0.0,0.0614,0.699,163.929,audio_features,0MMyJUC3WNnFS1lit5pTjk,spotify:track:0MMyJUC3WNnFS1lit5pTjk,https://api.spotify.com/v1/tracks/0MMyJUC3WNnFS1lit5pTjk,https://api.spotify.com/v1/audio-analysis/0MMyJUC3WNnFS1lit5pTjk,173160,4,USA
91,92,Daddy Issues,The Neighbourhood,277552,https://open.spotify.com/track/5E30LdtzQTGqRvNd7l6kG5,0.588,0.521,10,-9.461,1,0.0329,0.0678,0.149,0.123,0.337,85.012,audio_features,5E30LdtzQTGqRvNd7l6kG5,spotify:track:5E30LdtzQTGqRvNd7l6kG5,https://api.spotify.com/v1/tracks/5E30LdtzQTGqRvNd7l6kG5,https://api.spotify.com/v1/audio-analysis/5E30LdtzQTGqRvNd7l6kG5,260173,4,USA
92,93,Space Song,Beach House,277138,https://open.spotify.com/track/7H0ya83CMmgFcOhw0UB6ow,0.508,0.792,0,-7.311,0,0.0297,0.229,0.124,0.145,0.601,147.067,audio_features,7H0ya83CMmgFcOhw0UB6ow,spotify:track:7H0ya83CMmgFcOhw0UB6ow,https://api.spotify.com/v1/tracks/7H0ya83CMmgFcOhw0UB6ow,https://api.spotify.com/v1/audio-analysis/7H0ya83CMmgFcOhw0UB6ow,320467,4,USA
93,94,Lonely (with Lil Wayne),DaBaby,274973,https://open.spotify.com/track/6pmNoWKk0r6zfIjWneJRxR,0.718,0.628,0,-5.334,1,0.373,0.0884,0.0,0.186,0.771,139.769,audio_features,6pmNoWKk0r6zfIjWneJRxR,spotify:track:6pmNoWKk0r6zfIjWneJRxR,https://api.spotify.com/v1/tracks/6pmNoWKk0r6zfIjWneJRxR,https://api.spotify.com/v1/audio-analysis/6pmNoWKk0r6zfIjWneJRxR,154433,4,USA
94,95,happier,Olivia Rodrigo,273942,https://open.spotify.com/track/2tGvwE8GcFKwNdAXMnlbfl,0.395,0.443,6,-9.72,1,0.133,0.765,9.67e-06,0.0839,0.338,168.924,audio_features,2tGvwE8GcFKwNdAXMnlbfl,spotify:track:2tGvwE8GcFKwNdAXMnlbfl,https://api.spotify.com/v1/tracks/2tGvwE8GcFKwNdAXMnlbfl,https://api.spotify.com/v1/audio-analysis/2tGvwE8GcFKwNdAXMnlbfl,175933,3,USA
95,96,Am Sorry,Asuking,272384,https://open.spotify.com/track/5B56PUgWWZjjkx2Sbqd3el,0.864,0.909,1,-3.727,1,0.0613,0.519,2.75e-05,0.0598,0.876,107.998,audio_features,5B56PUgWWZjjkx2Sbqd3el,spotify:track:5B56PUgWWZjjkx2Sbqd3el,https://api.spotify.com/v1/tracks/5B56PUgWWZjjkx2Sbqd3el,https://api.spotify.com/v1/audio-analysis/5B56PUgWWZjjkx2Sbqd3el,135105,4,USA
96,97,brutal,Olivia Rodrigo,271945,https://open.spotify.com/track/6SRsiMl7w1USE4mFqrOhHC,0.672,0.526,4,-6.446,1,0.0599,0.0311,1.37e-06,0.28,0.28,123.999,audio_features,6SRsiMl7w1USE4mFqrOhHC,spotify:track:6SRsiMl7w1USE4mFqrOhHC,https://api.spotify.com/v1/tracks/6SRsiMl7w1USE4mFqrOhHC,https://api.spotify.com/v1/audio-analysis/6SRsiMl7w1USE4mFqrOhHC,143747,4,USA
97,98,Happier Than Ever - Edit,Billie Eilish,271579,https://open.spotify.com/track/32BeYxKPrig1LefHsC0Xuo,0.334,0.599,0,-5.742,1,0.0365,0.0468,0.000392,0.205,0.127,161.74,audio_features,32BeYxKPrig1LefHsC0Xuo,spotify:track:32BeYxKPrig1LefHsC0Xuo,https://api.spotify.com/v1/tracks/32BeYxKPrig1LefHsC0Xuo,https://api.spotify.com/v1/audio-analysis/32BeYxKPrig1LefHsC0Xuo,151444,3,USA
98,99,505,Arctic Monkeys,270683,https://open.spotify.com/track/58ge6dfP91o9oXMzq3XkIS,0.52,0.852,0,-5.866,1,0.0543,0.00237,5.79e-05,0.0733,0.234,140.267,audio_features,58ge6dfP91o9oXMzq3XkIS,spotify:track:58ge6dfP91o9oXMzq3XkIS,https://api.spotify.com/v1/tracks/58ge6dfP91o9oXMzq3XkIS,https://api.spotify.com/v1/audio-analysis/58ge6dfP91o9oXMzq3XkIS,253587,4,USA
99,100,Mood (feat. iann dior),24kGoldn,268083,https://open.spotify.com/track/4jPy3l0RUwlUI9T5XHBW2m,0.701,0.716,7,-3.671,0,0.0361,0.174,0.0,0.324,0.732,91.007,audio_features,4jPy3l0RUwlUI9T5XHBW2m,spotify:track:4jPy3l0RUwlUI9T5XHBW2m,https://api.spotify.com/v1/tracks/4jPy3l0RUwlUI9T5XHBW2m,https://api.spotify.com/v1/audio-analysis/4jPy3l0RUwlUI9T5XHBW2m,140533,4,USA
100,101,Volví,Aventura,267060,https://open.spotify.com/track/2vmfvSoZBFAt9hhRoEByLi,0.725,0.86,1,-3.726,1,0.182,0.422,0.000284,0.0674,0.791,175.896,audio_features,2vmfvSoZBFAt9hhRoEByLi,spotify:track:2vmfvSoZBFAt9hhRoEByLi,https://api.spotify.com/v1/tracks/2vmfvSoZBFAt9hhRoEByLi,https://api.spotify.com/v1/audio-analysis/2vmfvSoZBFAt9hhRoEByLi,230125,4,USA
101,102,we fell in love in october,girl in red,266677,https://open.spotify.com/track/1BYZxKSf0aTxp8ZFoeyM3d,0.566,0.366,7,-12.808,1,0.028,0.113,0.181,0.155,0.237,129.959,audio_features,1BYZxKSf0aTxp8ZFoeyM3d,spotify:track:1BYZxKSf0aTxp8ZFoeyM3d,https://api.spotify.com/v1/tracks/1BYZxKSf0aTxp8ZFoeyM3d,https://api.spotify.com/v1/audio-analysis/1BYZxKSf0aTxp8ZFoeyM3d,184154,4,USA
102,103,Come & Go (with Marshmello),Juice WRLD,266061,https://open.spotify.com/track/2Y0wPrPQBrGhoLn14xRYCG,0.625,0.814,0,-5.181,1,0.0657,0.0172,0.0,0.158,0.535,144.991,audio_features,2Y0wPrPQBrGhoLn14xRYCG,spotify:track:2Y0wPrPQBrGhoLn14xRYCG,https://api.spotify.com/v1/tracks/2Y0wPrPQBrGhoLn14xRYCG,https://api.spotify.com/v1/audio-analysis/2Y0wPrPQBrGhoLn14xRYCG,205485,4,USA
103,104,Motley Crew,Post Malone,265265,https://open.spotify.com/track/40uMIn2zJLAQhNXghRjBed,0.797,0.631,3,-3.818,0,0.0786,0.0904,3.71e-06,0.0998,0.288,129.915,audio_features,40uMIn2zJLAQhNXghRjBed,spotify:track:40uMIn2zJLAQhNXghRjBed,https://api.spotify.com/v1/tracks/40uMIn2zJLAQhNXghRjBed,https://api.spotify.com/v1/audio-analysis/40uMIn2zJLAQhNXghRjBed,184213,4,USA
104,105,The Spins,Mac Miller,264083,https://open.spotify.com/track/51pshtuYkgUQnt5huMPbKL,0.794,0.766,9,-3.894,0,0.0377,0.0135,0.0,0.0785,0.55,127.007,audio_features,51pshtuYkgUQnt5huMPbKL,spotify:track:51pshtuYkgUQnt5huMPbKL,https://api.spotify.com/v1/tracks/51pshtuYkgUQnt5huMPbKL,https://api.spotify.com/v1/audio-analysis/51pshtuYkgUQnt5huMPbKL,195873,4,USA
105,106,SLOW DANCING IN THE DARK,Joji,263707,https://open.spotify.com/track/0rKtyWc8bvkriBthvHKY8d,0.515,0.479,3,-7.458,1,0.0261,0.544,0.00598,0.191,0.284,88.964,audio_features,0rKtyWc8bvkriBthvHKY8d,spotify:track:0rKtyWc8bvkriBthvHKY8d,https://api.spotify.com/v1/tracks/0rKtyWc8bvkriBthvHKY8d,https://api.spotify.com/v1/audio-analysis/0rKtyWc8bvkriBthvHKY8d,209274,4,USA
106,107,Wait a Minute!,WILLOW,263468,https://open.spotify.com/track/0y60itmpH0aPKsFiGxmtnh,0.764,0.705,3,-5.279,0,0.0278,0.0371,1.94e-05,0.0943,0.672,101.003,audio_features,0y60itmpH0aPKsFiGxmtnh,spotify:track:0y60itmpH0aPKsFiGxmtnh,https://api.spotify.com/v1/tracks/0y60itmpH0aPKsFiGxmtnh,https://api.spotify.com/v1/audio-analysis/0y60itmpH0aPKsFiGxmtnh,196520,4,USA
107,108,Lucid Dreams,Juice WRLD,263119,https://open.spotify.com/track/285pBltuF7vW8TeWk8hdRR,0.511,0.566,6,-7.23,0,0.2,0.349,0.0,0.34,0.218,83.903,audio_features,285pBltuF7vW8TeWk8hdRR,spotify:track:285pBltuF7vW8TeWk8hdRR,https://api.spotify.com/v1/tracks/285pBltuF7vW8TeWk8hdRR,https://api.spotify.com/v1/audio-analysis/285pBltuF7vW8TeWk8hdRR,239836,4,USA
108,109,Dreams - 2004 Remaster,Fleetwood Mac,262622,https://open.spotify.com/track/0ofHAoxe9vBkTCp2UQIavz,0.828,0.492,0,-9.744,1,0.0276,0.0644,0.00428,0.128,0.789,120.151,audio_features,0ofHAoxe9vBkTCp2UQIavz,spotify:track:0ofHAoxe9vBkTCp2UQIavz,https://api.spotify.com/v1/tracks/0ofHAoxe9vBkTCp2UQIavz,https://api.spotify.com/v1/audio-analysis/0ofHAoxe9vBkTCp2UQIavz,257800,4,USA
109,110,Rumors (feat. Cardi B),Lizzo,257637,https://open.spotify.com/track/6KgtcmCF9Ky68XC7ezxl3s,0.827,0.731,4,-5.524,0,0.088,0.13,0.0,0.418,0.607,118.992,audio_features,6KgtcmCF9Ky68XC7ezxl3s,spotify:track:6KgtcmCF9Ky68XC7ezxl3s,https://api.spotify.com/v1/tracks/6KgtcmCF9Ky68XC7ezxl3s,https://api.spotify.com/v1/audio-analysis/6KgtcmCF9Ky68XC7ezxl3s,172833,4,USA
110,111,EVERY CHANCE I GET (feat. Lil Baby & Lil Durk),DJ Khaled,255352,https://open.spotify.com/track/1EJIcDYXwSqipW5dFe4uJz,0.477,0.727,2,-4.053,1,0.286,0.000866,0.0,0.108,0.227,150.062,audio_features,1EJIcDYXwSqipW5dFe4uJz,spotify:track:1EJIcDYXwSqipW5dFe4uJz,https://api.spotify.com/v1/tracks/1EJIcDYXwSqipW5dFe4uJz,https://api.spotify.com/v1/audio-analysis/1EJIcDYXwSqipW5dFe4uJz,236524,4,USA
111,112,Feelin' Like Tunechi,Lil Wayne,254974,https://open.spotify.com/track/4HTY26kzdGCKJF1EqcRd2J,0.559,0.532,5,-7.679,0,0.353,0.174,0.0,0.136,0.529,85.843,audio_features,4HTY26kzdGCKJF1EqcRd2J,spotify:track:4HTY26kzdGCKJF1EqcRd2J,https://api.spotify.com/v1/tracks/4HTY26kzdGCKJF1EqcRd2J,https://api.spotify.com/v1/audio-analysis/4HTY26kzdGCKJF1EqcRd2J,186060,5,USA
112,113,DÁKITI,Bad Bunny,254385,https://open.spotify.com/track/4MzXwWMhyBbmu6hOcLVD49,0.731,0.573,4,-10.059,0,0.0544,0.401,5.22e-05,0.113,0.145,109.928,audio_features,4MzXwWMhyBbmu6hOcLVD49,spotify:track:4MzXwWMhyBbmu6hOcLVD49,https://api.spotify.com/v1/tracks/4MzXwWMhyBbmu6hOcLVD49,https://api.spotify.com/v1/audio-analysis/4MzXwWMhyBbmu6hOcLVD49,205090,4,USA
113,114,Electric Love,BØRNS,253715,https://open.spotify.com/track/2GiJYvgVaD2HtM8GqD9EgQ,0.611,0.797,6,-7.627,0,0.0533,0.00543,0.00137,0.26,0.518,120.041,audio_features,2GiJYvgVaD2HtM8GqD9EgQ,spotify:track:2GiJYvgVaD2HtM8GqD9EgQ,https://api.spotify.com/v1/tracks/2GiJYvgVaD2HtM8GqD9EgQ,https://api.spotify.com/v1/audio-analysis/2GiJYvgVaD2HtM8GqD9EgQ,218107,4,USA
114,115,Heather,Conan Gray,252894,https://open.spotify.com/track/4xqrdfXkTW4T0RauPLv3WA,0.357,0.425,5,-7.301,1,0.0333,0.584,0.0,0.322,0.27,102.078,audio_features,4xqrdfXkTW4T0RauPLv3WA,spotify:track:4xqrdfXkTW4T0RauPLv3WA,https://api.spotify.com/v1/tracks/4xqrdfXkTW4T0RauPLv3WA,https://api.spotify.com/v1/audio-analysis/4xqrdfXkTW4T0RauPLv3WA,198040,3,USA
115,116,XO Tour Llif3,Lil Uzi Vert,252296,https://open.spotify.com/track/7GX5flRQZVHRAGd6B4TmDO,0.732,0.75,11,-6.366,0,0.231,0.00264,0.0,0.109,0.401,155.096,audio_features,7GX5flRQZVHRAGd6B4TmDO,spotify:track:7GX5flRQZVHRAGd6B4TmDO,https://api.spotify.com/v1/tracks/7GX5flRQZVHRAGd6B4TmDO,https://api.spotify.com/v1/audio-analysis/7GX5flRQZVHRAGd6B4TmDO,182707,4,USA
116,117,Work Out,J. Cole,250701,https://open.spotify.com/track/2wAJTrFhCnQyNSD3oUgTZO,0.831,0.427,2,-6.903,1,0.106,0.0531,0.0,0.307,0.216,93.004,audio_features,2wAJTrFhCnQyNSD3oUgTZO,spotify:track:2wAJTrFhCnQyNSD3oUgTZO,https://api.spotify.com/v1/tracks/2wAJTrFhCnQyNSD3oUgTZO,https://api.spotify.com/v1/audio-analysis/2wAJTrFhCnQyNSD3oUgTZO,235320,4,USA
117,118,TSU,Drake,248852,https://open.spotify.com/track/4s7QLoImIwmPi9L6dq1nVW,0.568,0.56,9,-9.059,1,0.42,0.228,3.05e-06,0.39,0.246,130.019,audio_features,4s7QLoImIwmPi9L6dq1nVW,spotify:track:4s7QLoImIwmPi9L6dq1nVW,https://api.spotify.com/v1/tracks/4s7QLoImIwmPi9L6dq1nVW,https://api.spotify.com/v1/audio-analysis/4s7QLoImIwmPi9L6dq1nVW,308756,4,USA
118,119,love nwantiti (feat. Dj Yo! & AX'EL) - Remix,CKay,248484,https://open.spotify.com/track/4gvrJnKCKIPiacNsWVQwEU,0.579,0.596,8,-4.823,1,0.0561,0.436,0.0938,0.0549,0.443,119.9,audio_features,4gvrJnKCKIPiacNsWVQwEU,spotify:track:4gvrJnKCKIPiacNsWVQwEU,https://api.spotify.com/v1/tracks/4gvrJnKCKIPiacNsWVQwEU,https://api.spotify.com/v1/audio-analysis/4gvrJnKCKIPiacNsWVQwEU,188369,3,USA
119,120,Die For You,The Weeknd,248474,https://open.spotify.com/track/2LBqCSwhJGcFQeTHMVGwy3,0.586,0.525,1,-7.163,0,0.0615,0.111,0.0,0.134,0.508,133.629,audio_features,2LBqCSwhJGcFQeTHMVGwy3,spotify:track:2LBqCSwhJGcFQeTHMVGwy3,https://api.spotify.com/v1/tracks/2LBqCSwhJGcFQeTHMVGwy3,https://api.spotify.com/v1/audio-analysis/2LBqCSwhJGcFQeTHMVGwy3,260253,4,USA
120,121,m y . l i f e (with 21 Savage & Morray),J. Cole,247958,https://open.spotify.com/track/1D3z6HTiQsNmZxjl7F7eoG,0.597,0.587,7,-7.026,0,0.137,0.0622,0.0,0.214,0.0753,140.021,audio_features,1D3z6HTiQsNmZxjl7F7eoG,spotify:track:1D3z6HTiQsNmZxjl7F7eoG,https://api.spotify.com/v1/tracks/1D3z6HTiQsNmZxjl7F7eoG,https://api.spotify.com/v1/audio-analysis/1D3z6HTiQsNmZxjl7F7eoG,218802,4,USA
121,122,Teenagers,My Chemical Romance,247802,https://open.spotify.com/track/7j31rVgGX9Q2blT92VBEA0,0.463,0.857,4,-3.063,1,0.0632,0.0506,0.0,0.184,0.856,111.647,audio_features,7j31rVgGX9Q2blT92VBEA0,spotify:track:7j31rVgGX9Q2blT92VBEA0,https://api.spotify.com/v1/tracks/7j31rVgGX9Q2blT92VBEA0,https://api.spotify.com/v1/audio-analysis/7j31rVgGX9Q2blT92VBEA0,161920,4,USA
122,123,SUVs (Black on Black),Jack Harlow,247676,https://open.spotify.com/track/1MIGkQxcdAt2lDx6ySpsc5,0.801,0.688,1,-4.594,1,0.396,0.144,0.0,0.107,0.5,162.928,audio_features,1MIGkQxcdAt2lDx6ySpsc5,spotify:track:1MIGkQxcdAt2lDx6ySpsc5,https://api.spotify.com/v1/tracks/1MIGkQxcdAt2lDx6ySpsc5,https://api.spotify.com/v1/audio-analysis/1MIGkQxcdAt2lDx6ySpsc5,157675,4,USA
123,124,Streets,Doja Cat,246666,https://open.spotify.com/track/60ynsPSSKe6O3sfwRnIBRf,0.749,0.463,11,-8.433,1,0.0842,0.21,0.0382,0.338,0.189,90.035,audio_features,60ynsPSSKe6O3sfwRnIBRf,spotify:track:60ynsPSSKe6O3sfwRnIBRf,https://api.spotify.com/v1/tracks/60ynsPSSKe6O3sfwRnIBRf,https://api.spotify.com/v1/audio-analysis/60ynsPSSKe6O3sfwRnIBRf,226987,4,USA
124,125,Todo De Ti,Rauw Alejandro,246090,https://open.spotify.com/track/5RwV8BvLfX5injfqYodke9,0.78,0.719,3,-3.613,0,0.0506,0.302,0.000196,0.0931,0.336,127.962,audio_features,5RwV8BvLfX5injfqYodke9,spotify:track:5RwV8BvLfX5injfqYodke9,https://api.spotify.com/v1/tracks/5RwV8BvLfX5injfqYodke9,https://api.spotify.com/v1/audio-analysis/5RwV8BvLfX5injfqYodke9,199604,4,USA
125,126,Cigarette Daydreams,Cage The Elephant,245705,https://open.spotify.com/track/0lkQOB949M2gLyut86aJ1b,0.636,0.676,2,-3.442,1,0.0263,0.0807,0.0,0.0831,0.273,113.98,audio_features,0lkQOB949M2gLyut86aJ1b,spotify:track:0lkQOB949M2gLyut86aJ1b,https://api.spotify.com/v1/tracks/0lkQOB949M2gLyut86aJ1b,https://api.spotify.com/v1/audio-analysis/0lkQOB949M2gLyut86aJ1b,208760,4,USA
126,127,REPEAT IT (with Gunna),Lil Tecca,245041,https://open.spotify.com/track/4s6vwFgPdCtidpEw8KuQT6,0.743,0.687,11,-7.613,0,0.309,0.0567,0.0,0.062,0.582,108.685,audio_features,4s6vwFgPdCtidpEw8KuQT6,spotify:track:4s6vwFgPdCtidpEw8KuQT6,https://api.spotify.com/v1/tracks/4s6vwFgPdCtidpEw8KuQT6,https://api.spotify.com/v1/audio-analysis/4s6vwFgPdCtidpEw8KuQT6,190345,3,USA
127,128,Jocelyn Flores,XXXTENTACION,244618,https://open.spotify.com/track/7m9OqQk4RVRkw9JJdeAw96,0.872,0.391,0,-9.144,0,0.242,0.469,4.13e-06,0.297,0.437,134.021,audio_features,7m9OqQk4RVRkw9JJdeAw96,spotify:track:7m9OqQk4RVRkw9JJdeAw96,https://api.spotify.com/v1/tracks/7m9OqQk4RVRkw9JJdeAw96,https://api.spotify.com/v1/audio-analysis/7m9OqQk4RVRkw9JJdeAw96,119133,4,USA
128,129,Buy Dirt,Jordan Davis,244248,https://open.spotify.com/track/69AIpwGNLxr4qS1X5ynx60,0.586,0.559,4,-6.725,1,0.05,0.639,0.0,0.0872,0.437,177.945,audio_features,69AIpwGNLxr4qS1X5ynx60,spotify:track:69AIpwGNLxr4qS1X5ynx60,https://api.spotify.com/v1/tracks/69AIpwGNLxr4qS1X5ynx60,https://api.spotify.com/v1/audio-analysis/69AIpwGNLxr4qS1X5ynx60,167480,4,USA
129,130,goosebumps,Travis Scott,242598,https://open.spotify.com/track/6gBFPUFcJLzWGx4lenP6h2,0.841,0.728,7,-3.37,1,0.0484,0.0847,0.0,0.149,0.43,130.049,audio_features,6gBFPUFcJLzWGx4lenP6h2,spotify:track:6gBFPUFcJLzWGx4lenP6h2,https://api.spotify.com/v1/tracks/6gBFPUFcJLzWGx4lenP6h2,https://api.spotify.com/v1/audio-analysis/6gBFPUFcJLzWGx4lenP6h2,243837,4,USA
130,131,SCOOP (feat. Doja Cat),Lil Nas X,241864,https://open.spotify.com/track/6bpq1jGkVz66Q3LYeoXdjZ,0.841,0.527,6,-8.116,1,0.149,0.0427,1.54e-06,0.12,0.582,163.975,audio_features,6bpq1jGkVz66Q3LYeoXdjZ,spotify:track:6bpq1jGkVz66Q3LYeoXdjZ,https://api.spotify.com/v1/tracks/6bpq1jGkVz66Q3LYeoXdjZ,https://api.spotify.com/v1/audio-analysis/6bpq1jGkVz66Q3LYeoXdjZ,174164,4,USA
131,132,Classic,MKTO,241749,https://open.spotify.com/track/6FE2iI43OZnszFLuLtvvmg,0.72,0.791,1,-4.689,1,0.124,0.0384,0.0,0.157,0.756,102.071,audio_features,6FE2iI43OZnszFLuLtvvmg,spotify:track:6FE2iI43OZnszFLuLtvvmg,https://api.spotify.com/v1/tracks/6FE2iI43OZnszFLuLtvvmg,https://api.spotify.com/v1/audio-analysis/6FE2iI43OZnszFLuLtvvmg,175427,4,USA
132,133,Wishing Well,Juice WRLD,241708,https://open.spotify.com/track/2U5WueTLIK5WJLD7mvDODv,0.65,0.613,9,-6.13,0,0.128,0.00336,0.0,0.267,0.0804,149.972,audio_features,2U5WueTLIK5WJLD7mvDODv,spotify:track:2U5WueTLIK5WJLD7mvDODv,https://api.spotify.com/v1/tracks/2U5WueTLIK5WJLD7mvDODv,https://api.spotify.com/v1/audio-analysis/2U5WueTLIK5WJLD7mvDODv,194621,4,USA
133,134,I GUESS I'M IN LOVE,Clinton Kane,241564,https://open.spotify.com/track/1is8gU4RVcN4J8xItxWoOY,0.422,0.34,0,-6.577,1,0.0351,0.877,1.77e-05,0.149,0.223,77.213,audio_features,1is8gU4RVcN4J8xItxWoOY,spotify:track:1is8gU4RVcN4J8xItxWoOY,https://api.spotify.com/v1/tracks/1is8gU4RVcN4J8xItxWoOY,https://api.spotify.com/v1/audio-analysis/1is8gU4RVcN4J8xItxWoOY,204094,4,USA
134,135,Money Trees,Kendrick Lamar,241029,https://open.spotify.com/track/2HbKqm4o0w5wEeEFXm2sD4,0.716,0.531,7,-7.355,1,0.122,0.0703,0.0,0.224,0.344,71.994,audio_features,2HbKqm4o0w5wEeEFXm2sD4,spotify:track:2HbKqm4o0w5wEeEFXm2sD4,https://api.spotify.com/v1/tracks/2HbKqm4o0w5wEeEFXm2sD4,https://api.spotify.com/v1/audio-analysis/2HbKqm4o0w5wEeEFXm2sD4,386907,4,USA
135,136,range brothers (with Kendrick Lamar),Baby Keem,240158,https://open.spotify.com/track/0UTyLmkQgPOEIz95OVAJTR,0.667,0.582,11,-5.791,0,0.267,0.00466,0.0,0.124,0.141,121.972,audio_features,0UTyLmkQgPOEIz95OVAJTR,spotify:track:0UTyLmkQgPOEIz95OVAJTR,https://api.spotify.com/v1/tracks/0UTyLmkQgPOEIz95OVAJTR,https://api.spotify.com/v1/audio-analysis/0UTyLmkQgPOEIz95OVAJTR,316733,4,USA
136,137,Collard Greens,ScHoolboy Q,240106,https://open.spotify.com/track/0zO8ctW0UiuOefR87OeJOZ,0.825,0.575,11,-4.87,1,0.0633,0.025,9.94e-06,0.205,0.65,153.954,audio_features,0zO8ctW0UiuOefR87OeJOZ,spotify:track:0zO8ctW0UiuOefR87OeJOZ,https://api.spotify.com/v1/tracks/0zO8ctW0UiuOefR87OeJOZ,https://api.spotify.com/v1/audio-analysis/0zO8ctW0UiuOefR87OeJOZ,299960,4,USA
137,138,"Whats Poppin (feat. DaBaby, Tory Lanez & Lil Wayne) [Remix] - Bonus Track",Jack Harlow,238417,https://open.spotify.com/track/0ZLuW8uOXdFNWcI40C0OC2,0.904,0.723,11,-5.224,0,0.26,0.0631,0.0,0.185,0.835,145.013,audio_features,0ZLuW8uOXdFNWcI40C0OC2,spotify:track:0ZLuW8uOXdFNWcI40C0OC2,https://api.spotify.com/v1/tracks/0ZLuW8uOXdFNWcI40C0OC2,https://api.spotify.com/v1/audio-analysis/0ZLuW8uOXdFNWcI40C0OC2,227478,4,USA
138,139,"Lemonade (feat. Gunna, Don Toliver & NAV)",Internet Money,237762,https://open.spotify.com/track/7hxHWCCAIIxFLCzvDgnQHX,0.8,0.658,1,-6.142,0,0.079,0.25,0.0,0.111,0.462,140.042,audio_features,7hxHWCCAIIxFLCzvDgnQHX,spotify:track:7hxHWCCAIIxFLCzvDgnQHX,https://api.spotify.com/v1/tracks/7hxHWCCAIIxFLCzvDgnQHX,https://api.spotify.com/v1/audio-analysis/7hxHWCCAIIxFLCzvDgnQHX,195429,4,USA
139,140,Intro (Hate On Me),Meek Mill,235935,https://open.spotify.com/track/4s7TIubkdsgdtDEDFEAYVL,0.647,0.823,2,-4.074,1,0.0478,0.0387,0.0,0.74,0.309,150.995,audio_features,4s7TIubkdsgdtDEDFEAYVL,spotify:track:4s7TIubkdsgdtDEDFEAYVL,https://api.spotify.com/v1/tracks/4s7TIubkdsgdtDEDFEAYVL,https://api.spotify.com/v1/audio-analysis/4s7TIubkdsgdtDEDFEAYVL,174805,4,USA
140,141,Someone You Loved,Lewis Capaldi,235393,https://open.spotify.com/track/7qEHsqek33rTcFNT9PFqLf,0.501,0.405,1,-5.679,1,0.0319,0.751,0.0,0.105,0.446,109.891,audio_features,7qEHsqek33rTcFNT9PFqLf,spotify:track:7qEHsqek33rTcFNT9PFqLf,https://api.spotify.com/v1/tracks/7qEHsqek33rTcFNT9PFqLf,https://api.spotify.com/v1/audio-analysis/7qEHsqek33rTcFNT9PFqLf,182161,4,USA
141,142,Astronaut In The Ocean,Masked Wolf,234545,https://open.spotify.com/track/6E90gq0KO6FYZVOXx8kCcC,0.778,0.695,4,-6.865,0,0.0913,0.175,0.0,0.15,0.472,149.996,audio_features,6E90gq0KO6FYZVOXx8kCcC,spotify:track:6E90gq0KO6FYZVOXx8kCcC,https://api.spotify.com/v1/tracks/6E90gq0KO6FYZVOXx8kCcC,https://api.spotify.com/v1/audio-analysis/6E90gq0KO6FYZVOXx8kCcC,132780,4,USA
142,143,Robbery,Juice WRLD,233386,https://open.spotify.com/track/6Hj9jySrnFppAI0sEMCZpJ,0.685,0.692,2,-5.122,1,0.0457,0.328,0.0,0.153,0.578,159.966,audio_features,6Hj9jySrnFppAI0sEMCZpJ,spotify:track:6Hj9jySrnFppAI0sEMCZpJ,https://api.spotify.com/v1/tracks/6Hj9jySrnFppAI0sEMCZpJ,https://api.spotify.com/v1/audio-analysis/6Hj9jySrnFppAI0sEMCZpJ,240051,5,USA
143,144,In The Bible (with Lil Durk & Giveon),Drake,232690,https://open.spotify.com/track/61S79KIVA4I9FXbnsylEHT,0.686,0.385,7,-8.35,0,0.297,0.614,0.0,0.131,0.147,143.07,audio_features,61S79KIVA4I9FXbnsylEHT,spotify:track:61S79KIVA4I9FXbnsylEHT,https://api.spotify.com/v1/tracks/61S79KIVA4I9FXbnsylEHT,https://api.spotify.com/v1/audio-analysis/61S79KIVA4I9FXbnsylEHT,296568,4,USA
144,145,See You Again (feat. Kali Uchis),"Tyler, The Creator",230072,https://open.spotify.com/track/7KA4W4McWYRpgf0fWsJZWB,0.558,0.559,6,-9.222,1,0.0959,0.371,7.49e-06,0.109,0.62,78.558,audio_features,7KA4W4McWYRpgf0fWsJZWB,spotify:track:7KA4W4McWYRpgf0fWsJZWB,https://api.spotify.com/v1/tracks/7KA4W4McWYRpgf0fWsJZWB,https://api.spotify.com/v1/audio-analysis/7KA4W4McWYRpgf0fWsJZWB,180387,4,USA
145,146,p r i d e . i s . t h e . d e v i l (with Lil Baby),J. Cole,229322,https://open.spotify.com/track/5W8jRrZ6tWrTrqnKRtIQBf,0.861,0.656,4,-7.867,0,0.425,0.104,0.0,0.0986,0.331,88.967,audio_features,5W8jRrZ6tWrTrqnKRtIQBf,spotify:track:5W8jRrZ6tWrTrqnKRtIQBf,https://api.spotify.com/v1/tracks/5W8jRrZ6tWrTrqnKRtIQBf,https://api.spotify.com/v1/audio-analysis/5W8jRrZ6tWrTrqnKRtIQBf,218210,4,USA
146,147,For The Night (feat. Lil Baby & DaBaby),Pop Smoke,227614,https://open.spotify.com/track/0PvFJmanyNQMseIFrU708S,0.823,0.586,6,-6.606,0,0.2,0.114,0.0,0.193,0.347,125.971,audio_features,0PvFJmanyNQMseIFrU708S,spotify:track:0PvFJmanyNQMseIFrU708S,https://api.spotify.com/v1/tracks/0PvFJmanyNQMseIFrU708S,https://api.spotify.com/v1/audio-analysis/0PvFJmanyNQMseIFrU708S,190476,4,USA
147,148,Forever After All,Luke Combs,227401,https://open.spotify.com/track/6IBcOGPsniK3Pso1wHIhew,0.487,0.65,0,-5.195,1,0.0253,0.191,0.0,0.0933,0.456,151.964,audio_features,6IBcOGPsniK3Pso1wHIhew,spotify:track:6IBcOGPsniK3Pso1wHIhew,https://api.spotify.com/v1/tracks/6IBcOGPsniK3Pso1wHIhew,https://api.spotify.com/v1/audio-analysis/6IBcOGPsniK3Pso1wHIhew,232533,4,USA
148,149,edamame (feat. Rich Brian),bbno$,225884,https://open.spotify.com/track/1uMHCAyGmHqyygoNRuo7MV,0.815,0.848,4,-4.704,0,0.115,0.023,0.000162,0.0265,0.684,106.032,audio_features,1uMHCAyGmHqyygoNRuo7MV,spotify:track:1uMHCAyGmHqyygoNRuo7MV,https://api.spotify.com/v1/tracks/1uMHCAyGmHqyygoNRuo7MV,https://api.spotify.com/v1/audio-analysis/1uMHCAyGmHqyygoNRuo7MV,133707,4,USA
149,150,you broke me first,Tate McRae,225644,https://open.spotify.com/track/45bE4HXI0AwGZXfZtMp8JR,0.667,0.373,4,-9.389,1,0.05,0.785,0.0,0.0906,0.0823,124.148,audio_features,45bE4HXI0AwGZXfZtMp8JR,spotify:track:45bE4HXI0AwGZXfZtMp8JR,https://api.spotify.com/v1/tracks/45bE4HXI0AwGZXfZtMp8JR,https://api.spotify.com/v1/audio-analysis/45bE4HXI0AwGZXfZtMp8JR,169266,4,USA
150,151,Washing Machine Heart,Mitski,224055,https://open.spotify.com/track/3jjsRKEsF42ccXf8kWR3nu,0.613,0.822,9,-4.087,1,0.026,0.0092,0.506,0.429,0.567,105.997,audio_features,3jjsRKEsF42ccXf8kWR3nu,spotify:track:3jjsRKEsF42ccXf8kWR3nu,https://api.spotify.com/v1/tracks/3jjsRKEsF42ccXf8kWR3nu,https://api.spotify.com/v1/audio-analysis/3jjsRKEsF42ccXf8kWR3nu,128199,4,USA
151,152,Everybody Talks,Neon Trees,223853,https://open.spotify.com/track/2iUmqdfGZcHIhS3b9E9EWq,0.471,0.924,8,-3.906,1,0.0586,0.00301,0.0,0.313,0.725,154.961,audio_features,2iUmqdfGZcHIhS3b9E9EWq,spotify:track:2iUmqdfGZcHIhS3b9E9EWq,https://api.spotify.com/v1/tracks/2iUmqdfGZcHIhS3b9E9EWq,https://api.spotify.com/v1/audio-analysis/2iUmqdfGZcHIhS3b9E9EWq,177280,4,USA
152,153,Ready (feat. Gunna),Lil Baby,223426,https://open.spotify.com/track/4F6yN5FsFW10Ucx7cLCzBh,0.793,0.395,1,-5.578,1,0.385,0.277,1.4e-05,0.109,0.129,77.027,audio_features,4F6yN5FsFW10Ucx7cLCzBh,spotify:track:4F6yN5FsFW10Ucx7cLCzBh,https://api.spotify.com/v1/tracks/4F6yN5FsFW10Ucx7cLCzBh,https://api.spotify.com/v1/audio-analysis/4F6yN5FsFW10Ucx7cLCzBh,213287,4,USA
153,154,The Way Life Goes (feat. Oh Wonder),Lil Uzi Vert,223417,https://open.spotify.com/track/2eAZfqOm4EnOF9VvN50Tyc,0.703,0.757,1,-3.612,1,0.05,0.617,0.0,0.106,0.696,82.008,audio_features,2eAZfqOm4EnOF9VvN50Tyc,spotify:track:2eAZfqOm4EnOF9VvN50Tyc,https://api.spotify.com/v1/tracks/2eAZfqOm4EnOF9VvN50Tyc,https://api.spotify.com/v1/audio-analysis/2eAZfqOm4EnOF9VvN50Tyc,221747,4,USA
154,155,Calling My Phone,Lil Tjay,223409,https://open.spotify.com/track/3J8EOeKLTLXORtWPpOU5bE,0.907,0.393,4,-7.636,0,0.0539,0.451,1.35e-06,0.135,0.202,104.949,audio_features,3J8EOeKLTLXORtWPpOU5bE,spotify:track:3J8EOeKLTLXORtWPpOU5bE,https://api.spotify.com/v1/tracks/3J8EOeKLTLXORtWPpOU5bE,https://api.spotify.com/v1/audio-analysis/3J8EOeKLTLXORtWPpOU5bE,205458,4,USA
155,156,Smells Like Teen Spirit,Nirvana,223159,https://open.spotify.com/track/1f3yAtsJtY87CTmM8RLnxf,0.502,0.912,1,-4.556,1,0.0564,2.55e-05,0.000173,0.106,0.72,116.761,audio_features,1f3yAtsJtY87CTmM8RLnxf,spotify:track:1f3yAtsJtY87CTmM8RLnxf,https://api.spotify.com/v1/tracks/1f3yAtsJtY87CTmM8RLnxf,https://api.spotify.com/v1/audio-analysis/1f3yAtsJtY87CTmM8RLnxf,301920,4,USA
156,157,N 2 Deep,Drake,222662,https://open.spotify.com/track/34D6FJysnQioVingDKufuf,0.507,0.429,2,-7.726,1,0.326,0.0518,0.0,0.109,0.0744,91.0,audio_features,34D6FJysnQioVingDKufuf,spotify:track:34D6FJysnQioVingDKufuf,https://api.spotify.com/v1/tracks/34D6FJysnQioVingDKufuf,https://api.spotify.com/v1/audio-analysis/34D6FJysnQioVingDKufuf,273578,3,USA
157,158,WUSYANAME (feat. Youngboy Never Broke Again & Ty Dolla $ign),"Tyler, The Creator",222291,https://open.spotify.com/track/5B0kgjHULYJhAQkK5XsMoC,0.493,0.653,0,-5.666,0,0.0466,0.269,0.0,0.511,0.852,142.347,audio_features,5B0kgjHULYJhAQkK5XsMoC,spotify:track:5B0kgjHULYJhAQkK5XsMoC,https://api.spotify.com/v1/tracks/5B0kgjHULYJhAQkK5XsMoC,https://api.spotify.com/v1/audio-analysis/5B0kgjHULYJhAQkK5XsMoC,121573,4,USA
158,159,Blue Notes 2 (feat. Lil Uzi Vert),Meek Mill,221021,https://open.spotify.com/track/2kdhiombBoiHjvSKG3EI0m,0.748,0.591,2,-6.234,0,0.331,0.152,0.0,0.64,0.192,74.958,audio_features,2kdhiombBoiHjvSKG3EI0m,spotify:track:2kdhiombBoiHjvSKG3EI0m,https://api.spotify.com/v1/tracks/2kdhiombBoiHjvSKG3EI0m,https://api.spotify.com/v1/audio-analysis/2kdhiombBoiHjvSKG3EI0m,230400,4,USA
159,160,MIDDLE CHILD,J. Cole,220228,https://open.spotify.com/track/2JvzF1RMd7lE3KmFlsyZD8,0.837,0.364,8,-11.713,1,0.276,0.149,0.0,0.271,0.463,123.984,audio_features,2JvzF1RMd7lE3KmFlsyZD8,spotify:track:2JvzF1RMd7lE3KmFlsyZD8,https://api.spotify.com/v1/tracks/2JvzF1RMd7lE3KmFlsyZD8,https://api.spotify.com/v1/audio-analysis/2JvzF1RMd7lE3KmFlsyZD8,213594,4,USA
160,161,Pursuit Of Happiness (Nightmare),Kid Cudi,218948,https://open.spotify.com/track/4kTLpAbhuEGHAAdDjOIWaa,0.627,0.589,0,-9.056,1,0.0405,0.497,7.05e-05,0.324,0.247,115.284,audio_features,4kTLpAbhuEGHAAdDjOIWaa,spotify:track:4kTLpAbhuEGHAAdDjOIWaa,https://api.spotify.com/v1/tracks/4kTLpAbhuEGHAAdDjOIWaa,https://api.spotify.com/v1/audio-analysis/4kTLpAbhuEGHAAdDjOIWaa,295293,4,USA
161,162,Matt Hardy 999 (feat. Juice WRLD),Trippie Redd,218781,https://open.spotify.com/track/1HsOTiVqdN7PB1zOS2bcsO,0.672,0.654,1,-4.528,1,0.0966,0.201,0.0,0.1,0.404,78.512,audio_features,1HsOTiVqdN7PB1zOS2bcsO,spotify:track:1HsOTiVqdN7PB1zOS2bcsO,https://api.spotify.com/v1/tracks/1HsOTiVqdN7PB1zOS2bcsO,https://api.spotify.com/v1/audio-analysis/1HsOTiVqdN7PB1zOS2bcsO,188026,4,USA
162,163,Before You Go,Lewis Capaldi,218598,https://open.spotify.com/track/2gMXnyrvIjhVBUZwvLZDMP,0.459,0.575,3,-4.858,1,0.0573,0.604,0.0,0.0885,0.183,111.881,audio_features,2gMXnyrvIjhVBUZwvLZDMP,spotify:track:2gMXnyrvIjhVBUZwvLZDMP,https://api.spotify.com/v1/tracks/2gMXnyrvIjhVBUZwvLZDMP,https://api.spotify.com/v1/audio-analysis/2gMXnyrvIjhVBUZwvLZDMP,215107,4,USA
163,164,Godzilla (feat. Juice WRLD),Eminem,217373,https://open.spotify.com/track/7FIWs0pqAYbP91WWM0vlTQ,0.808,0.745,10,-5.26,0,0.342,0.145,0.0,0.292,0.829,165.995,audio_features,7FIWs0pqAYbP91WWM0vlTQ,spotify:track:7FIWs0pqAYbP91WWM0vlTQ,https://api.spotify.com/v1/tracks/7FIWs0pqAYbP91WWM0vlTQ,https://api.spotify.com/v1/audio-analysis/7FIWs0pqAYbP91WWM0vlTQ,210800,4,USA
164,165,Drip Too Hard (Lil Baby & Gunna),Lil Baby,216822,https://open.spotify.com/track/78QR3Wp35dqAhFEc2qAGjE,0.897,0.662,1,-6.903,0,0.292,0.0852,0.0,0.534,0.389,112.511,audio_features,78QR3Wp35dqAhFEc2qAGjE,spotify:track:78QR3Wp35dqAhFEc2qAGjE,https://api.spotify.com/v1/tracks/78QR3Wp35dqAhFEc2qAGjE,https://api.spotify.com/v1/audio-analysis/78QR3Wp35dqAhFEc2qAGjE,145543,4,USA
165,166,Laugh Now Cry Later (feat. Lil Durk),Drake,216144,https://open.spotify.com/track/2SAqBLGA283SUiwJ3xOUVI,0.761,0.518,0,-8.871,1,0.134,0.244,3.47e-05,0.107,0.522,133.976,audio_features,2SAqBLGA283SUiwJ3xOUVI,spotify:track:2SAqBLGA283SUiwJ3xOUVI,https://api.spotify.com/v1/tracks/2SAqBLGA283SUiwJ3xOUVI,https://api.spotify.com/v1/audio-analysis/2SAqBLGA283SUiwJ3xOUVI,261493,4,USA
166,167,Whiskey Glasses,Morgan Wallen,216075,https://open.spotify.com/track/6foY66mWZN0pSRjZ408c00,0.614,0.68,6,-4.58,1,0.0289,0.369,1.84e-06,0.115,0.707,149.959,audio_features,6foY66mWZN0pSRjZ408c00,spotify:track:6foY66mWZN0pSRjZ408c00,https://api.spotify.com/v1/tracks/6foY66mWZN0pSRjZ408c00,https://api.spotify.com/v1/audio-analysis/6foY66mWZN0pSRjZ408c00,234347,4,USA
167,168,WITHOUT YOU,The Kid LAROI,215344,https://open.spotify.com/track/27OeeYzk6klgBh83TSvGMA,0.662,0.413,0,-7.357,1,0.0299,0.213,0.0,0.134,0.467,93.005,audio_features,27OeeYzk6klgBh83TSvGMA,spotify:track:27OeeYzk6klgBh83TSvGMA,https://api.spotify.com/v1/tracks/27OeeYzk6klgBh83TSvGMA,https://api.spotify.com/v1/audio-analysis/27OeeYzk6klgBh83TSvGMA,161385,4,USA
168,169,lovely (with Khalid),Billie Eilish,215235,https://open.spotify.com/track/0u2P5u6lvoDfwTYjAADbn4,0.351,0.296,4,-10.109,0,0.0333,0.934,0.0,0.095,0.12,115.284,audio_features,0u2P5u6lvoDfwTYjAADbn4,spotify:track:0u2P5u6lvoDfwTYjAADbn4,https://api.spotify.com/v1/tracks/0u2P5u6lvoDfwTYjAADbn4,https://api.spotify.com/v1/audio-analysis/0u2P5u6lvoDfwTYjAADbn4,200186,4,USA
169,170,Chasing After You (with Maren Morris),Ryan Hurd,214425,https://open.spotify.com/track/1ZIKpMTRPqhwAoVXWY3tXI,0.596,0.679,4,-6.395,1,0.0394,0.723,0.0,0.116,0.479,131.912,audio_features,1ZIKpMTRPqhwAoVXWY3tXI,spotify:track:1ZIKpMTRPqhwAoVXWY3tXI,https://api.spotify.com/v1/tracks/1ZIKpMTRPqhwAoVXWY3tXI,https://api.spotify.com/v1/audio-analysis/1ZIKpMTRPqhwAoVXWY3tXI,207974,4,USA
170,171,Tongue Tied,Grouplove,213791,https://open.spotify.com/track/0GO8y8jQk1PkHzS31d699N,0.56,0.936,3,-5.835,1,0.0439,0.00847,0.0,0.161,0.371,112.96,audio_features,0GO8y8jQk1PkHzS31d699N,spotify:track:0GO8y8jQk1PkHzS31d699N,https://api.spotify.com/v1/tracks/0GO8y8jQk1PkHzS31d699N,https://api.spotify.com/v1/audio-analysis/0GO8y8jQk1PkHzS31d699N,218013,4,USA
171,172,Adore You,Harry Styles,213390,https://open.spotify.com/track/3jjujdWJ72nww5eGnfs2E7,0.676,0.771,8,-3.675,1,0.0483,0.0237,7e-06,0.102,0.569,99.048,audio_features,3jjujdWJ72nww5eGnfs2E7,spotify:track:3jjujdWJ72nww5eGnfs2E7,https://api.spotify.com/v1/tracks/3jjujdWJ72nww5eGnfs2E7,https://api.spotify.com/v1/audio-analysis/3jjujdWJ72nww5eGnfs2E7,207133,4,USA
172,173,Wasted On You,Morgan Wallen,212824,https://open.spotify.com/track/3cBsEDNhFI9E82vPj3kvi3,0.505,0.657,11,-5.24,0,0.0318,0.373,0.00107,0.126,0.252,196.0,audio_features,3cBsEDNhFI9E82vPj3kvi3,spotify:track:3cBsEDNhFI9E82vPj3kvi3,https://api.spotify.com/v1/tracks/3cBsEDNhFI9E82vPj3kvi3,https://api.spotify.com/v1/audio-analysis/3cBsEDNhFI9E82vPj3kvi3,178520,3,USA
173,174,Looking Out for You,Joy Again,212740,https://open.spotify.com/track/3jfZ9M23l0L7RxzYMTgBTv,0.682,0.9,9,-5.028,1,0.0874,0.0884,0.063,0.0685,0.937,100.721,audio_features,3jfZ9M23l0L7RxzYMTgBTv,spotify:track:3jfZ9M23l0L7RxzYMTgBTv,https://api.spotify.com/v1/tracks/3jfZ9M23l0L7RxzYMTgBTv,https://api.spotify.com/v1/audio-analysis/3jfZ9M23l0L7RxzYMTgBTv,179499,4,USA
174,175,Save Your Tears,The Weeknd,212708,https://open.spotify.com/track/5QO79kh1waicV47BqGRL3g,0.68,0.826,0,-5.487,1,0.0309,0.0212,1.24e-05,0.543,0.644,118.051,audio_features,5QO79kh1waicV47BqGRL3g,spotify:track:5QO79kh1waicV47BqGRL3g,https://api.spotify.com/v1/tracks/5QO79kh1waicV47BqGRL3g,https://api.spotify.com/v1/audio-analysis/5QO79kh1waicV47BqGRL3g,215627,4,USA
175,176,Papi’s Home,Drake,212600,https://open.spotify.com/track/6jy9yJfgCsMHdu2Oz4BGKX,0.701,0.741,2,-6.157,1,0.313,0.112,0.0,0.699,0.588,140.177,audio_features,6jy9yJfgCsMHdu2Oz4BGKX,spotify:track:6jy9yJfgCsMHdu2Oz4BGKX,https://api.spotify.com/v1/tracks/6jy9yJfgCsMHdu2Oz4BGKX,https://api.spotify.com/v1/audio-analysis/6jy9yJfgCsMHdu2Oz4BGKX,178623,4,USA
176,177,Love Again,Dua Lipa,212282,https://open.spotify.com/track/4rPkN1FMzQyFNP9cLUGIIB,0.659,0.667,11,-4.668,0,0.0339,0.00173,2.85e-05,0.1,0.468,115.982,audio_features,4rPkN1FMzQyFNP9cLUGIIB,spotify:track:4rPkN1FMzQyFNP9cLUGIIB,https://api.spotify.com/v1/tracks/4rPkN1FMzQyFNP9cLUGIIB,https://api.spotify.com/v1/audio-analysis/4rPkN1FMzQyFNP9cLUGIIB,258004,4,USA
177,178,The Less I Know The Better,Tame Impala,211216,https://open.spotify.com/track/6K4t31amVTZDgR3sKmwUJJ,0.64,0.74,4,-4.083,1,0.0284,0.0115,0.00678,0.167,0.785,116.879,audio_features,6K4t31amVTZDgR3sKmwUJJ,spotify:track:6K4t31amVTZDgR3sKmwUJJ,https://api.spotify.com/v1/tracks/6K4t31amVTZDgR3sKmwUJJ,https://api.spotify.com/v1/audio-analysis/6K4t31amVTZDgR3sKmwUJJ,216320,4,USA
178,179,Tyler Herro,Jack Harlow,211062,https://open.spotify.com/track/3w1WjD2zJqjBjDz5fwqQPJ,0.792,0.793,5,-6.185,0,0.0841,0.0872,0.0,0.22,0.775,123.031,audio_features,3w1WjD2zJqjBjDz5fwqQPJ,spotify:track:3w1WjD2zJqjBjDz5fwqQPJ,https://api.spotify.com/v1/tracks/3w1WjD2zJqjBjDz5fwqQPJ,https://api.spotify.com/v1/audio-analysis/3w1WjD2zJqjBjDz5fwqQPJ,156578,4,USA
179,180,I Can't Handle Change,Roar,210646,https://open.spotify.com/track/0I1eFRytp4XRhLCjT6tZm7,0.247,0.438,5,-8.479,1,0.0358,0.0455,0.000871,0.111,0.39,185.716,audio_features,0I1eFRytp4XRhLCjT6tZm7,spotify:track:0I1eFRytp4XRhLCjT6tZm7,https://api.spotify.com/v1/tracks/0I1eFRytp4XRhLCjT6tZm7,https://api.spotify.com/v1/audio-analysis/0I1eFRytp4XRhLCjT6tZm7,198213,3,USA
180,181,Ball If I Want To,DaBaby,210118,https://open.spotify.com/track/0cu0rhnlCnJ7JIeHRiLpj3,0.902,0.669,1,-5.049,1,0.457,0.161,0.0,0.0728,0.628,139.949,audio_features,0cu0rhnlCnJ7JIeHRiLpj3,spotify:track:0cu0rhnlCnJ7JIeHRiLpj3,https://api.spotify.com/v1/tracks/0cu0rhnlCnJ7JIeHRiLpj3,https://api.spotify.com/v1/audio-analysis/0cu0rhnlCnJ7JIeHRiLpj3,112547,4,USA
181,182,The Hills,The Weeknd,210019,https://open.spotify.com/track/7fBv7CLKzipRk6EC6TWHOB,0.585,0.564,0,-7.063,0,0.0515,0.0671,0.0,0.135,0.137,113.003,audio_features,7fBv7CLKzipRk6EC6TWHOB,spotify:track:7fBv7CLKzipRk6EC6TWHOB,https://api.spotify.com/v1/tracks/7fBv7CLKzipRk6EC6TWHOB,https://api.spotify.com/v1/audio-analysis/7fBv7CLKzipRk6EC6TWHOB,242253,4,USA
182,183,The Night We Met,Lord Huron,210009,https://open.spotify.com/track/3hRV0jL3vUpRrcy398teAU,0.544,0.369,2,-9.514,1,0.038,0.969,0.279,0.639,0.102,87.01,audio_features,3hRV0jL3vUpRrcy398teAU,spotify:track:3hRV0jL3vUpRrcy398teAU,https://api.spotify.com/v1/tracks/3hRV0jL3vUpRrcy398teAU,https://api.spotify.com/v1/audio-analysis/3hRV0jL3vUpRrcy398teAU,208212,3,USA
183,184,Yellow,Coldplay,209152,https://open.spotify.com/track/3AJwUDP919kvQ9QcozQPxg,0.429,0.661,11,-7.227,1,0.0281,0.00239,0.000121,0.234,0.285,173.372,audio_features,3AJwUDP919kvQ9QcozQPxg,spotify:track:3AJwUDP919kvQ9QcozQPxg,https://api.spotify.com/v1/tracks/3AJwUDP919kvQ9QcozQPxg,https://api.spotify.com/v1/audio-analysis/3AJwUDP919kvQ9QcozQPxg,266773,4,USA
184,185,Heartless,Kanye West,209139,https://open.spotify.com/track/4EWCNWgDS8707fNSZ1oaA5,0.79,0.647,10,-5.983,0,0.136,0.0515,0.0,0.248,0.654,87.999,audio_features,4EWCNWgDS8707fNSZ1oaA5,spotify:track:4EWCNWgDS8707fNSZ1oaA5,https://api.spotify.com/v1/tracks/4EWCNWgDS8707fNSZ1oaA5,https://api.spotify.com/v1/audio-analysis/4EWCNWgDS8707fNSZ1oaA5,211000,4,USA
185,186,Chosen (feat. Ty Dolla $ign),Blxst,208812,https://open.spotify.com/track/1dIWPXMX4kRHj6Dt2DStUQ,0.571,0.767,2,-5.16,1,0.287,0.336,0.0,0.0809,0.605,93.421,audio_features,1dIWPXMX4kRHj6Dt2DStUQ,spotify:track:1dIWPXMX4kRHj6Dt2DStUQ,https://api.spotify.com/v1/tracks/1dIWPXMX4kRHj6Dt2DStUQ,https://api.spotify.com/v1/audio-analysis/1dIWPXMX4kRHj6Dt2DStUQ,161684,4,USA
186,187,Ric Flair Drip (& Metro Boomin),Offset,208443,https://open.spotify.com/track/7sO5G9EABYOXQKNPNiE9NR,0.88,0.428,9,-8.28,1,0.206,0.149,5.07e-05,0.114,0.333,100.007,audio_features,7sO5G9EABYOXQKNPNiE9NR,spotify:track:7sO5G9EABYOXQKNPNiE9NR,https://api.spotify.com/v1/tracks/7sO5G9EABYOXQKNPNiE9NR,https://api.spotify.com/v1/audio-analysis/7sO5G9EABYOXQKNPNiE9NR,172800,4,USA
187,188,Fuck Love (feat. Trippie Redd),XXXTENTACION,207969,https://open.spotify.com/track/7AQim7LbvFVZJE3O8TYgf2,0.797,0.533,0,-9.74,0,0.0412,0.0172,0.000152,0.103,0.329,131.036,audio_features,7AQim7LbvFVZJE3O8TYgf2,spotify:track:7AQim7LbvFVZJE3O8TYgf2,https://api.spotify.com/v1/tracks/7AQim7LbvFVZJE3O8TYgf2,https://api.spotify.com/v1/audio-analysis/7AQim7LbvFVZJE3O8TYgf2,146520,4,USA
188,189,ROCKSTAR (feat. Roddy Ricch),DaBaby,207052,https://open.spotify.com/track/7ytR5pFWmSjzHJIeQkgog4,0.746,0.69,11,-7.956,1,0.164,0.247,0.0,0.101,0.497,89.977,audio_features,7ytR5pFWmSjzHJIeQkgog4,spotify:track:7ytR5pFWmSjzHJIeQkgog4,https://api.spotify.com/v1/tracks/7ytR5pFWmSjzHJIeQkgog4,https://api.spotify.com/v1/audio-analysis/7ytR5pFWmSjzHJIeQkgog4,181733,4,USA
189,190,If I Didn't Love You,Jason Aldean,207039,https://open.spotify.com/track/5f3MXmTmstozFg0BH1yPUk,0.456,0.679,1,-4.802,1,0.0324,0.176,0.0,0.103,0.483,184.075,audio_features,5f3MXmTmstozFg0BH1yPUk,spotify:track:5f3MXmTmstozFg0BH1yPUk,https://api.spotify.com/v1/tracks/5f3MXmTmstozFg0BH1yPUk,https://api.spotify.com/v1/audio-analysis/5f3MXmTmstozFg0BH1yPUk,212030,4,USA
190,191,breadwinner,Kacey Musgraves,206837,https://open.spotify.com/track/2stbjvpFujerfDUuUUPX7o,0.866,0.508,8,-8.591,0,0.058,0.769,8.35e-06,0.11,0.476,117.951,audio_features,2stbjvpFujerfDUuUUPX7o,spotify:track:2stbjvpFujerfDUuUUPX7o,https://api.spotify.com/v1/tracks/2stbjvpFujerfDUuUUPX7o,https://api.spotify.com/v1/audio-analysis/2stbjvpFujerfDUuUUPX7o,200840,4,USA
191,192,In Da Getto,J Balvin,206800,https://open.spotify.com/track/1q0PYXTbDsirp2l74ng6pn,0.924,0.723,8,-3.142,1,0.0466,0.0177,2.61e-05,0.113,0.643,126.998,audio_features,1q0PYXTbDsirp2l74ng6pn,spotify:track:1q0PYXTbDsirp2l74ng6pn,https://api.spotify.com/v1/tracks/1q0PYXTbDsirp2l74ng6pn,https://api.spotify.com/v1/audio-analysis/1q0PYXTbDsirp2l74ng6pn,130667,4,USA
192,193,'Till I Collapse,Eminem,206789,https://open.spotify.com/track/4xkOaSrkexMciUUogZKVTS,0.548,0.847,1,-3.237,1,0.186,0.0622,0.0,0.0816,0.1,171.447,audio_features,4xkOaSrkexMciUUogZKVTS,spotify:track:4xkOaSrkexMciUUogZKVTS,https://api.spotify.com/v1/tracks/4xkOaSrkexMciUUogZKVTS,https://api.spotify.com/v1/audio-analysis/4xkOaSrkexMciUUogZKVTS,297787,4,USA
193,194,Kilby Girl,The Backseat Lovers,206317,https://open.spotify.com/track/1170VohRSx6GwE6QDCHPPH,0.329,0.444,1,-9.973,1,0.0417,0.0578,0.0352,0.113,0.225,162.279,audio_features,1170VohRSx6GwE6QDCHPPH,spotify:track:1170VohRSx6GwE6QDCHPPH,https://api.spotify.com/v1/tracks/1170VohRSx6GwE6QDCHPPH,https://api.spotify.com/v1/audio-analysis/1170VohRSx6GwE6QDCHPPH,282206,4,USA
194,195,What You Know Bout Love,Pop Smoke,205654,https://open.spotify.com/track/1tkg4EHVoqnhR6iFEXb60y,0.709,0.548,10,-8.493,1,0.353,0.65,1.59e-06,0.133,0.543,83.995,audio_features,1tkg4EHVoqnhR6iFEXb60y,spotify:track:1tkg4EHVoqnhR6iFEXb60y,https://api.spotify.com/v1/tracks/1tkg4EHVoqnhR6iFEXb60y,https://api.spotify.com/v1/audio-analysis/1tkg4EHVoqnhR6iFEXb60y,160000,4,USA
195,196,Best Friend (feat. Doja Cat),Saweetie,205646,https://open.spotify.com/track/20BOju91NaEFK5Py4VJ2pp,0.84,0.766,4,-4.12,1,0.136,0.00302,3.61e-06,0.0684,0.402,94.018,audio_features,20BOju91NaEFK5Py4VJ2pp,spotify:track:20BOju91NaEFK5Py4VJ2pp,https://api.spotify.com/v1/tracks/20BOju91NaEFK5Py4VJ2pp,https://api.spotify.com/v1/audio-analysis/20BOju91NaEFK5Py4VJ2pp,155884,4,USA
196,197,Are You Bored Yet? (feat. Clairo),Wallows,205158,https://open.spotify.com/track/57RA3JGafJm5zRtKJiKPIm,0.682,0.683,8,-6.444,0,0.0287,0.156,2.32e-05,0.273,0.64,120.023,audio_features,57RA3JGafJm5zRtKJiKPIm,spotify:track:57RA3JGafJm5zRtKJiKPIm,https://api.spotify.com/v1/tracks/57RA3JGafJm5zRtKJiKPIm,https://api.spotify.com/v1/audio-analysis/57RA3JGafJm5zRtKJiKPIm,178000,4,USA
197,198,Talking to the Moon,Bruno Mars,205008,https://open.spotify.com/track/161DnLWsx1i3u1JT05lzqU,0.523,0.606,1,-4.754,0,0.0301,0.512,0.0,0.106,0.065,145.837,audio_features,161DnLWsx1i3u1JT05lzqU,spotify:track:161DnLWsx1i3u1JT05lzqU,https://api.spotify.com/v1/tracks/161DnLWsx1i3u1JT05lzqU,https://api.spotify.com/v1/audio-analysis/161DnLWsx1i3u1JT05lzqU,217867,4,USA
198,199,Mr. Rager,Kid Cudi,204733,https://open.spotify.com/track/2ncLdwTd8qzkxiJjlbiOgC,0.675,0.734,7,-8.659,1,0.0265,0.38,0.895,0.141,0.533,101.998,audio_features,2ncLdwTd8qzkxiJjlbiOgC,spotify:track:2ncLdwTd8qzkxiJjlbiOgC,https://api.spotify.com/v1/tracks/2ncLdwTd8qzkxiJjlbiOgC,https://api.spotify.com/v1/audio-analysis/2ncLdwTd8qzkxiJjlbiOgC,294213,4,USA
199,200,Falling,Harry Styles,204471,https://open.spotify.com/track/1ZMiCix7XSAbfAJlEZWMCp,0.567,0.267,4,-6.502,1,0.0299,0.839,1.46e-06,0.089,0.0592,110.011,audio_features,1ZMiCix7XSAbfAJlEZWMCp,spotify:track:1ZMiCix7XSAbfAJlEZWMCp,https://api.spotify.com/v1/tracks/1ZMiCix7XSAbfAJlEZWMCp,https://api.spotify.com/v1/audio-analysis/1ZMiCix7XSAbfAJlEZWMCp,240133,4,USA
